Program Name,State Name,District Name,Started,In-Progress,Submitted
21st Century Skills,Haryana,Palwal,15,2,58
21st Century Skills,Haryana,Panchkula,190,8,363
21st Century Skills,Haryana,Sonepat,137,1,184
21st Century Skills,Haryana,Yamunanagar,94,6,88
21st Century Skills,Haryana,Faridabad,153,4,196
21st Century Skills,Haryana,Charkhi Dadri,9,0,12
21st Century Skills,Haryana,Jind,348,13,769
21st Century Skills,Haryana,Gurugram,276,9,674
21st Century Skills,Haryana,Karnal,229,3,1133
21st Century Skills,Haryana,Mahendergarh,442,27,1233
21st Century Skills,Haryana,Bhiwani,410,23,879
21st Century Skills,Haryana,Ambala,366,29,559
21st Century Skills,Haryana,Rewari,366,19,663
21st Century Skills,Haryana,Rohtak,270,17,576
21st Century Skills,Haryana,Sirsa,807,29,2066
21st Century Skills,Haryana,Jhajjar,182,6,383
21st Century Skills,Haryana,Kurukshetra,136,4,307
21st Century Skills,Haryana,Fatehabad,952,18,2179
21st Century Skills,Haryana,Kaithal,340,20,1018
21st Century Skills,Haryana,Hisar,164,12,325
21st Century Skills,Haryana,Panipat,170,2,463
21st Century Skills,Haryana,Nuh,691,24,4238
Aao School Chalein,Haryana,Charkhi Dadri,38,5,49
Aao School Chalein,Haryana,Ambala,21,3,42
Aao School Chalein,Haryana,Kurukshetra,14,0,40
Aao School Chalein,Haryana,Bhiwani,30,8,51
Aao School Chalein,Haryana,Rewari,17,2,45
Aao School Chalein,Haryana,Jhajjar,16,4,44
Aao School Chalein,Haryana,Panchkula,28,5,58
Aao School Chalein,Haryana,Panipat,12,7,36
Aao School Chalein,Haryana,Mahendergarh,13,5,54
Aao School Chalein,Haryana,Hisar,23,1,85
Aao School Chalein,Haryana,Palwal,19,1,25
Aao School Chalein,Haryana,Yamunanagar,15,2,48
Aao School Chalein,Haryana,Nuh,5,0,32
Aao School Chalein,Haryana,Sirsa,11,5,61
Aao School Chalein,Haryana,Kaithal,29,3,67
Aao School Chalein,Haryana,Sonepat,6,0,6
Aao School Chalein,Haryana,Karnal,17,8,37
Aao School Chalein,Haryana,Rohtak,16,1,41
Aao School Chalein,Haryana,Faridabad,8,0,12
Aao School Chalein,Haryana,Jind,30,1,76
Aao School Chalein,Haryana,Gurugram,23,4,32
Aao School Chalein,Haryana,Fatehabad,30,5,46
Aao School Chalein 2024-25,Haryana,Kaithal,25,3,304
Aao School Chalein 2024-25,Haryana,Kurukshetra,70,5,194
Aao School Chalein 2024-25,Haryana,Hisar,118,19,427
Aao School Chalein 2024-25,Haryana,Jind,36,5,157
Aao School Chalein 2024-25,Haryana,Fatehabad,60,5,174
Aao School Chalein 2024-25,Haryana,Rohtak,55,5,175
Aao School Chalein 2024-25,Haryana,Sirsa,54,6,329
Aao School Chalein 2024-25,Haryana,Panchkula,31,3,151
Aao School Chalein 2024-25,Haryana,Charkhi Dadri,51,6,80
Aao School Chalein 2024-25,Haryana,Karnal,26,6,125
Aao School Chalein 2024-25,Haryana,Yamunanagar,24,1,114
Aao School Chalein 2024-25,Haryana,Jhajjar,40,7,121
Aao School Chalein 2024-25,Haryana,Gurugram,45,7,104
Aao School Chalein 2024-25,Haryana,Nuh,51,9,220
Aao School Chalein 2024-25,Haryana,Mahendergarh,66,13,223
Aao School Chalein 2024-25,Haryana,Faridabad,35,3,22
Aao School Chalein 2024-25,Haryana,Palwal,47,5,75
Aao School Chalein 2024-25,Haryana,Panipat,58,2,264
Aao School Chalein 2024-25,Haryana,Ambala,61,6,150
Aao School Chalein 2024-25,Haryana,Sonepat,58,6,266
Aao School Chalein 2024-25,Haryana,Rewari,8,0,126
Aao School Chalein 2024-25,Haryana,Bhiwani,73,11,179
DIET MUZAFFARPUR _DEP_2025-26,Bihar,Muzaffarpur,3142,284,21848
DIET Begusarai_MIP_2025-26,Bihar,Begusarai,978,76,8098
DIET_SONPUR _SARAN _MIP_2025-26,Bihar,Saran,780,98,7608
DEP_Begusarai_बच्चों की कक्षा में सक्रिय भागीदारी,Bihar,Begusarai,2075,179,4550
BR_DIET_BEGUSARAI_ध्वनि जागरूकता का विकास,Bihar,Begusarai,1960,113,2695
DIET DARBHANGA _MIP_प्राथमिक कक्षाओं में चित्र-पठन कौशल,Bihar,Darbhanga,1321,123,2473
DIETBGP_MIP_2025-26,Bihar,Bhagalpur,574,107,3107
DIET KAIMUR_DEP,Bihar,Kaimur (Bhabua),1527,103,1732
BR_DIET_Motihari_MIP_2025-26,Bihar,E. Champaran,974,198,1636
DIET PATNA_DEP_Year1,Bihar,Patna,860,29,1763
DIET_Saran_DEP_2024-25,Bihar,Saran,978,56,1605
DIET Bhagalpur_MIP_आओ पढ़ना सीखें,Bihar,Bhagalpur,1483,84,1048
BR_DIET_Katihar_MIP_2025-26,Bihar,Katihar,448,30,1369
BH_DIET_Lakhisarai_MIP_2025-26,Bihar,Lakhisarai,435,53,1282
DIET BHAGALPUR_MIP_लेखन के प्रारंभिक स्तर,Bihar,Bhagalpur,1141,51,572
BR_DIET_Kaimur_MIP_2025-26,Bihar,Kaimur (Bhabua),366,42,1300
DIET_DARBHANGA_डिजिटल प्लेटफार्म टूल्स-ऑनलाइन शिक्षा के लिए,Bihar,Darbhanga,1262,31,372
BR_DIET_NALANDA _MIP_ध्वनि जागरूकता एवं डिकोडिंग के समझ का विकास,Bihar,Nalanda,1352,27,241
DIET MUZAFFARPUR _DEP_2024-25,Bihar,Muzaffarpur,1058,47,506
BH_DIET_KAIMUR_आओ सुने-समझें और बोलें,Bihar,Kaimur (Bhabua),559,28,888
BH_Parents Teacher Meeting based MIP,Bihar,Sheikhpura,4,0,1
BH_Parents Teacher Meeting based MIP,Bihar,Araria,14,1,7
BH_Parents Teacher Meeting based MIP,Bihar,Gopalganj,10,0,5
BH_Parents Teacher Meeting based MIP,Bihar,Supaul,11,0,10
BH_Parents Teacher Meeting based MIP,Bihar,Aurangabad (Bihar),3,0,4
BH_Parents Teacher Meeting based MIP,Bihar,Saran,19,0,18
BH_Parents Teacher Meeting based MIP,Bihar,Gaya,24,0,7
BH_Parents Teacher Meeting based MIP,Bihar,E. Champaran,26,1,8
BH_Parents Teacher Meeting based MIP,Bihar,Siwan,8,0,9
BH_Parents Teacher Meeting based MIP,Bihar,Sitamarhi,2,0,2
BH_Parents Teacher Meeting based MIP,Bihar,Nalanda,13,0,8
BH_Parents Teacher Meeting based MIP,Bihar,Kaimur (Bhabua),14,0,2
BH_Parents Teacher Meeting based MIP,Bihar,Saharsa,1,0,0
BH_Parents Teacher Meeting based MIP,Bihar,Katihar,1,0,4
BH_Parents Teacher Meeting based MIP,Bihar,Arwal,3,0,2
BH_Parents Teacher Meeting based MIP,Bihar,Kishanganj,0,0,1
BH_Parents Teacher Meeting based MIP,Bihar,Begusarai,19,0,6
BH_Parents Teacher Meeting based MIP,Bihar,Rohtas,4,0,4
BH_Parents Teacher Meeting based MIP,Bihar,Lakhisarai,12,0,5
BH_Parents Teacher Meeting based MIP,Bihar,Jehanabad,6,0,3
BH_Parents Teacher Meeting based MIP,Bihar,Muzaffarpur,19,0,8
BH_Parents Teacher Meeting based MIP,Bihar,Madhepura,21,0,11
BH_Parents Teacher Meeting based MIP,Bihar,Jamui,6,0,4
BH_Parents Teacher Meeting based MIP,Bihar,Purnia,19,0,9
BH_Parents Teacher Meeting based MIP,Bihar,Bhojpur,19,0,18
BH_Parents Teacher Meeting based MIP,Bihar,Samastipur,12,1,9
BH_Parents Teacher Meeting based MIP,Bihar,Madhubani,4,0,1
BH_Parents Teacher Meeting based MIP,Bihar,Vaishali,19,3,11
BH_Parents Teacher Meeting based MIP,Bihar,Nawada,3,0,3
BH_Parents Teacher Meeting based MIP,Bihar,Darbhanga,28,0,4
BH_Parents Teacher Meeting based MIP,Bihar,W Champaran,2,0,2
BH_Parents Teacher Meeting based MIP,Bihar,Buxar,17,0,4
BH_Parents Teacher Meeting based MIP,Bihar,Patna,45,1,10
BH_Parents Teacher Meeting based MIP,Bihar,Munger,7,0,3
BH_Parents Teacher Meeting based MIP,Bihar,Banka,6,0,2
BH_Parents Teacher Meeting based MIP,Bihar,Bhagalpur,4,0,1
BH_Parents Teacher Meeting based MIP,Bihar,Sheohar,0,0,2
Bihar Project Based Learning Program,Bihar,Banka,167,4,37
Bihar Project Based Learning Program,Bihar,Jamui,124,7,23
Bihar Project Based Learning Program,Bihar,Begusarai,780,90,1505
Bihar Project Based Learning Program,Bihar,Khagaria,83,1,20
Bihar Project Based Learning Program,Bihar,Aurangabad (Bihar),506,52,319
Bihar Project Based Learning Program,Bihar,Gopalganj,65,7,34
Bihar Project Based Learning Program,Bihar,Madhepura,43,7,12
Bihar Project Based Learning Program,Bihar,Vaishali,264,28,231
Bihar Project Based Learning Program,Bihar,Supaul,475,49,151
Bihar Project Based Learning Program,Bihar,Saharsa,47,8,25
Bihar Project Based Learning Program,Bihar,Gaya,179,19,53
Bihar Project Based Learning Program,Bihar,Pashchim Champaran,92,5,28
Bihar Project Based Learning Program,Bihar,Araria,56,3,28
Bihar Project Based Learning Program,Bihar,Jehanabad,359,75,269
Bihar Project Based Learning Program,Bihar,Bhagalpur,652,31,245
Bihar Project Based Learning Program,Bihar,Muzaffarpur,149,2,25
Bihar Project Based Learning Program,Bihar,Kishanganj,25,0,2
Bihar Project Based Learning Program,Bihar,Kaimur (Bhabua),332,36,286
Bihar Project Based Learning Program,Bihar,Patna,374,26,191
Bihar Project Based Learning Program,Bihar,Saran,492,40,260
Bihar Project Based Learning Program,Bihar,Bhojpur,348,40,208
Bihar Project Based Learning Program,Bihar,Purnia,128,4,50
Bihar Project Based Learning Program,Bihar,Purba Champaran,309,31,223
Bihar Project Based Learning Program,Bihar,Munger,70,5,51
Bihar Project Based Learning Program,Bihar,Sheikhpura,291,10,72
Bihar Project Based Learning Program,Bihar,Rohtas,471,38,245
Bihar Project Based Learning Program,Bihar,Siwan,884,131,1836
Bihar Project Based Learning Program,Bihar,Katihar,108,6,43
Bihar Project Based Learning Program,Bihar,Nalanda,44,3,17
Bihar Project Based Learning Program,Bihar,Nawada,609,46,390
Bihar Project Based Learning Program,Bihar,Sitamarhi,75,2,23
Bihar Project Based Learning Program,Bihar,Samastipur,275,31,86
Bihar Project Based Learning Program,Bihar,Madhubani,60,4,36
Bihar Project Based Learning Program,Bihar,Buxar,430,26,297
Bihar Project Based Learning Program,Bihar,Lakhisarai,222,23,88
Bihar Project Based Learning Program,Bihar,Arwal,135,29,312
Bihar Project Based Learning Program,Bihar,Sheohar,15,2,5
Bihar Project Based Learning Program,Bihar,Darbhanga,401,34,141
Bihar Project Based Learning Program Year 2,Bihar,Jamui,2227,129,2721
Bihar Project Based Learning Program Year 2,Bihar,Sheikhpura,689,72,557
Bihar Project Based Learning Program Year 2,Bihar,Kaimur (Bhabua),2122,99,4793
Bihar Project Based Learning Program Year 2,Bihar,Muzaffarpur,3749,166,7082
Bihar Project Based Learning Program Year 2,Bihar,Sheohar,238,16,350
Bihar Project Based Learning Program Year 2,Bihar,Araria,1302,201,1622
Bihar Project Based Learning Program Year 2,Bihar,Pashchim Champaran,79,6,98
Bihar Project Based Learning Program Year 2,Bihar,Nawada,1484,95,2185
Bihar Project Based Learning Program Year 2,Bihar,W Champaran,1159,43,1147
Bihar Project Based Learning Program Year 2,Bihar,Saharsa,1123,87,998
Bihar Project Based Learning Program Year 2,Bihar,Rohtas,1766,70,3150
Bihar Project Based Learning Program Year 2,Bihar,Sitamarhi,1478,100,1225
Bihar Project Based Learning Program Year 2,Bihar,Begusarai,3062,175,6531
Bihar Project Based Learning Program Year 2,Bihar,Samastipur,2326,94,4745
Bihar Project Based Learning Program Year 2,Bihar,Supaul,1509,102,1854
Bihar Project Based Learning Program Year 2,Bihar,Katihar,1427,82,4077
Bihar Project Based Learning Program Year 2,Bihar,Banka,1618,78,2168
Bihar Project Based Learning Program Year 2,Bihar,Buxar,1102,89,1925
Bihar Project Based Learning Program Year 2,Bihar,Lakhisarai,1271,106,1929
Bihar Project Based Learning Program Year 2,Bihar,Nalanda,3061,188,5391
Bihar Project Based Learning Program Year 2,Bihar,Gaya,2986,163,3973
Bihar Project Based Learning Program Year 2,Bihar,Purba Champaran,225,14,165
Bihar Project Based Learning Program Year 2,Bihar,Bhagalpur,2604,121,3002
Bihar Project Based Learning Program Year 2,Bihar,Arwal,402,55,1006
Bihar Project Based Learning Program Year 2,Bihar,Saran,3247,209,5312
Bihar Project Based Learning Program Year 2,Bihar,Kishanganj,829,38,989
Bihar Project Based Learning Program Year 2,Bihar,E. Champaran,2434,191,6950
Bihar Project Based Learning Program Year 2,Bihar,Khagaria,692,46,885
Bihar Project Based Learning Program Year 2,Bihar,Darbhanga,2473,80,2727
Bihar Project Based Learning Program Year 2,Bihar,Jehanabad,831,85,2743
Bihar Project Based Learning Program Year 2,Bihar,Madhepura,1234,107,4415
Bihar Project Based Learning Program Year 2,Bihar,Madhubani,1522,87,2218
Bihar Project Based Learning Program Year 2,Bihar,Purnia,2021,162,2569
Bihar Project Based Learning Program Year 2,Bihar,Siwan,2198,209,6036
Bihar Project Based Learning Program Year 2,Bihar,Bhojpur,2396,262,4086
Bihar Project Based Learning Program Year 2,Bihar,Aurangabad (Bihar),1563,81,3061
Bihar Project Based Learning Program Year 2,Bihar,Patna,3431,216,5982
Bihar Project Based Learning Program Year 2,Bihar,Gopalganj,1622,153,3720
Bihar Project Based Learning Program Year 2,Bihar,Vaishali,2641,219,7370
Bihar Project Based Learning Program Year 2,Bihar,Munger,968,72,1438
Bihar Project Based Learning Program Year 3,Bihar,Bhagalpur,1968,151,4798
Bihar Project Based Learning Program Year 3,Bihar,Madhepura,848,60,6785
Bihar Project Based Learning Program Year 3,Telangana,Vikarabad,0,0,1
Bihar Project Based Learning Program Year 3,Bihar,Patna,2311,177,4807
Bihar Project Based Learning Program Year 3,Bihar,Samastipur,1428,93,6334
Bihar Project Based Learning Program Year 3,Bihar,Darbhanga,1571,181,7276
Bihar Project Based Learning Program Year 3,Bihar,Munger,758,61,3022
Bihar Project Based Learning Program Year 3,Bihar,Gaya,2353,241,9743
Bihar Project Based Learning Program Year 3,Bihar,Sheohar,187,13,602
Bihar Project Based Learning Program Year 3,Bihar,Lakhisarai,601,52,2678
Bihar Project Based Learning Program Year 3,Bihar,Begusarai,2166,142,6449
Bihar Project Based Learning Program Year 3,Bihar,Bhojpur,1101,113,6801
Bihar Project Based Learning Program Year 3,Delhi,New Delhi,1,0,0
Bihar Project Based Learning Program Year 3,Bihar,Sheikhpura,290,28,633
Bihar Project Based Learning Program Year 3,Uttar Pradesh,Ghaziabad,1,0,1
Bihar Project Based Learning Program Year 3,Bihar,Jamui,1193,93,4561
Bihar Project Based Learning Program Year 3,Bihar,Kishanganj,480,41,1674
Bihar Project Based Learning Program Year 3,Bihar,Kaimur (Bhabua),968,40,5541
Bihar Project Based Learning Program Year 3,Bihar,Rohtas,917,67,5972
Bihar Project Based Learning Program Year 3,Bihar,Saran,2622,165,6530
Bihar Project Based Learning Program Year 3,Jharkhand,Giridih,1,0,0
Bihar Project Based Learning Program Year 3,Bihar,Aurangabad (Bihar),1126,108,5690
Bihar Project Based Learning Program Year 3,Bihar,Sitamarhi,954,140,4256
Bihar Project Based Learning Program Year 3,Bihar,E. Champaran,2396,227,10371
Bihar Project Based Learning Program Year 3,Bihar,Gopalganj,898,71,4774
Bihar Project Based Learning Program Year 3,Bihar,Supaul,883,91,2310
Bihar Project Based Learning Program Year 3,Bihar,Jehanabad,582,74,2281
Bihar Project Based Learning Program Year 3,Bihar,Muzaffarpur,3824,139,9482
Bihar Project Based Learning Program Year 3,Bihar,Saharsa,612,59,1525
Bihar Project Based Learning Program Year 3,Bihar,Khagaria,258,18,616
Bihar Project Based Learning Program Year 3,Bihar,Katihar,1252,94,3667
Bihar Project Based Learning Program Year 3,Uttar Pradesh,Ghazipur,0,0,1
Bihar Project Based Learning Program Year 3,Bihar,Siwan,1302,193,6419
Bihar Project Based Learning Program Year 3,Bihar,Banka,886,88,4589
Bihar Project Based Learning Program Year 3,Uttar Pradesh,Jaunpur,0,0,1
Bihar Project Based Learning Program Year 3,Bihar,W Champaran,1126,127,2978
Bihar Project Based Learning Program Year 3,Bihar,Purnia,1051,118,3705
Bihar Project Based Learning Program Year 3,Bihar,Nawada,907,101,2741
Bihar Project Based Learning Program Year 3,Bihar,Vaishali,1641,204,8598
Bihar Project Based Learning Program Year 3,Bihar,Arwal,305,29,1033
Bihar Project Based Learning Program Year 3,Bihar,Madhubani,1012,107,2776
Bihar Project Based Learning Program Year 3,Bihar,Nalanda,1425,140,6047
Bihar Project Based Learning Program Year 3,Bihar,Buxar,823,73,2782
Bihar Project Based Learning Program Year 3,Uttar Pradesh,Lucknow,2,0,3
Bihar Project Based Learning Program Year 3,Bihar,Araria,696,85,2189
DIET GAYA_MIP_2024-25,Bihar,Gaya,948,37,386
BH_DIET_KATIHAR_MIP_लेखन कौशल विकास,Bihar,Katihar,678,33,635
BH_DIET_Samastipur_MIP_2025-26,Bihar,Samastipur,470,38,768
BH_DIET_Gaya_MIP_2025-26,Bihar,Gaya,494,28,652
DIET Gopalganj_DEP,Bihar,Gopalganj,677,47,374
BH_DIET_Madhepura_गणित की बुनियाद: जोड़ और घटाव,Bihar,Madhepura,369,15,644
DEP_DIET SHAHPUR BEGUSARAI,Bihar,Begusarai,646,23,336
BH_DIET_Siwan_MIP_2025-26,Bihar,Siwan,224,52,688
BR_DIET_DARBHANGA_MIP_अंको की पहचान,Bihar,Darbhanga,428,17,490
DIET MUZAFFARPUR _DEP,Bihar,Muzaffarpur,583,19,242
MIP_DIET NAWADA_गणित में स्थानीय मान की समझ,Bihar,Nawada,493,33,254
DIET NALANDA _MIP_मौखिक भाषा विकास की समझ के लिए कक्षा-कक्ष की प्रक्रियाएँ,Bihar,Nalanda,644,20,108
MIP_DIET NAWADA_गणितीय कौशल,Bihar,Nawada,597,33,121
MIP_DIET NAWADA_शब्दों की दुनियाँ,Bihar,Nawada,482,16,197
DIET Vaishali_DEP,Bihar,Vaishali,447,21,211
DIET Katihar_DEP,Bihar,Katihar,427,21,207
DEP DIET BHAGALPUR_साइबर हाईजीन प्रैक्टिसेज,Bihar,Bhagalpur,557,6,81
DIET_BUXAR_MIP_प्राथमिक स्तर पर पठन कौशल का विकास,Bihar,Buxar,406,21,197
DIET Darbhanga_DEP_2024-25,Bihar,Darbhanga,384,6,199
"BH_DIET_BANKA _किसने सीखा,कितना सीखा",Bihar,Banka,462,8,106
DIET Samastipur_DEP_Year 1,Bihar,Samastipur,391,11,172
DIET GAYA_MIP_2025-26,Bihar,Gaya,358,19,179
DIET Vaishali_MIP_2025-26,Bihar,Vaishali,262,46,230
DIETBXR_MIP_2025-26,Bihar,Buxar,226,10,288
DIET PATNA_DEP_YEAR3,Bihar,Patna,405,6,111
DEP DIET Tarar aurangabad,Tripura,Gomati,0,0,2
DIET Bhagalpur_MIP_समझ के साथ पढ़ना,Bihar,Bhagalpur,306,6,203
DEP_Motihari_कक्षाओं में प्रिंट भरा वातावरण कैसे बनाएं,Bihar,E. Champaran,401,12,100
DEP DIET Tarar aurangabad,Bihar,Aurangabad (Bihar),371,4,113
BH_DIET NAWADA_बुनियादी भाषा और साक्षरता,Bihar,Nawada,243,24,195
BR_DIET_Patna_MIP_2025-26,Bihar,Patna,180,14,260
DIET Saran_DEP_Year 1,Bihar,Saran,315,10,96
DIETNLD_MIP_2025-26,Bihar,Nalanda,266,16,128
DIET Motihari_DEP,Bihar,E. Champaran,267,8,120
BR_DIET_Madhubani_DEP_आओ सीखें खेल-खेल में जोड़ -घटाव,Bihar,Madhubani,273,5,107
DIET Motihari_DEP_2024-25,Bihar,E. Champaran,225,7,90
प्रिंट रिच - पढ़ने का वातावरण,Bihar,Gaya,211,6,103
DIET Lakhisarai_DEP_Year 1,Bihar,Lakhisarai,256,8,42
Mission Pragati,Bihar,Muzaffarpur,244,15,45
MIP_DIET Banka_शब्दो के संग खेले खेल,Bihar,Banka,103,6,190
BR_DIET_Gopalganj_MIP_2025-26,Bihar,Gopalganj,134,6,144
BR_DIETKUMARBAG_DEP_Year_1,Bihar,W Champaran,174,6,101
BH_DIET_Nawada_MIP_2025-26,Bihar,Nawada,90,15,169
BR_DIET_Banka_MIP_2025-26,Bihar,Banka,130,10,133
BR_DIET_MADHUBANI_DEP_आओ सीखें खेल-खेल में गुणा भाग,Bihar,Madhubani,191,5,68
DIETMDP_MIP_2025-26,Bihar,Madhepura,100,14,135
संख्या ज्ञान : आओ खेलें सीखें गणित,Bihar,Madhepura,150,11,45
DIET Vaishali_MIP_बुनियादी संख्या ज्ञान,Bihar,Vaishali,123,10,63
DIET Siwan_DEP_Year 1,Bihar,Siwan,124,4,67
DIET Gopalganj_DEP_2024-25,Bihar,Gopalganj,115,5,63
DEP_BUXAR_पाठ्यचर्या और समावेशी कक्षा,Bihar,Buxar,148,9,24
MIP_DIET Banka_आकृतियों की दुनियाँ1,Bihar,Banka,117,5,49
BH_DIET_Madhubani_MIP_2025-26,Bihar,Madhubani,62,4,104
BH_DIET_Munger_DEP_MIP_2024-25,Bihar,Munger,132,5,26
DIET Khagaria_DEP,Bihar,Khagaria,105,2,30
DIET Kishanganj_DEP,Bihar,Kishanganj,102,2,25
DIET Bhojpur_DEP_2024-25,Bihar,Bhojpur,78,5,42
DIET_Vaishali_ DEP_2024-25,Bihar,Vaishali,79,3,41
BH_DIET_Kumarbagh_MIP_2025-26,Bihar,W Champaran,88,4,0
BR_DIET_DUMRAON_BUXAR_MIP_प्रारम्भिक शालाओं का साहित्य,Bihar,Buxar,67,4,15
DIET Khagaria_DEP_2024-25,Bihar,Khagaria,69,2,14
DEP_BANKA_बच्चों की कक्षा में सक्रिय भागीदारी,Bihar,Banka,70,5,9
DIET_Samastipur_ DEP_2024-25,Bihar,Samastipur,64,0,19
DIET_Sitamarhi_DEP_डिकोडिंग कौशल का विकास,Bihar,Sitamarhi,66,3,12
DIET Siwan_DEP_Year 1,Tripura,Gomati,0,0,2
मौखिक भाषा विकास,Bihar,Sitamarhi,57,2,22
BR_DIET_Sheohar_DEP_MIP_2024-25,Bihar,Sheohar,58,2,19
BH_DIET_Sasaram_MIP_2025-26,Bihar,Rohtas,44,1,31
BH_DIET_Buxar Year-2,Bihar,Buxar,52,1,20
BR_DIET_Sheikhpura_मौखिक भाषा का विकास,Bihar,Sheikhpura,56,0,15
BR_DIET_Kishanganj_DEP_MIP_2024-25,Bihar,Kishanganj,53,1,16
पठन कौशल विकास,Bihar,Purnia,42,1,27
DIET_BUXAR_MIP_प्राथमिक स्तर पर पठन कौशल का विकास,Tripura,Gomati,0,0,1
DIET_AUR_MIP_2025-26,Bihar,Aurangabad (Bihar),56,4,8
BR_DIET_Purnia_MIP_2025-26,Bihar,Purnia,46,4,14
BH_DIET_Araria Year-2,Bihar,Araria,46,0,17
BH_DIET_Sitamarhi_MIP_2025-26,Bihar,Sitamarhi,36,5,19
BR_DIET_Khagaria_MIP_2025-26,Bihar,Khagaria,42,0,6
DIET Darbhanga_MIP_2025-26,Bihar,Darbhanga,32,0,16
BH_DIET_Kishanganj_MIP_2025-26,Bihar,Kishanganj,39,1,7
DIET_Purnia_DEP_2024-25,Bihar,Purnia,27,0,19
DIET_Siwan_ DEP_2024-25,Bihar,Siwan,23,3,15
DIET SKP_MIP_2025-26,Bihar,Sheikhpura,18,0,20
BR_DIET_KUMARBAGH_ DEP_2024-25,Bihar,W Champaran,20,1,8
DEP-डिजिटल प्लेटफॉर्म्स टूल्स - ऑनलाइन शिक्षा के लिए,Bihar,Vaishali,24,0,5
DEP_Gopalganj_कक्षाओं में प्रिंट भरा वातावरण कैसे बनाएं ?,Bihar,Gopalganj,23,0,4
DIET_Rohtas_DEP_2024-25,Bihar,Rohtas,20,0,7
DIET BHAGALPUR_MIP_लेखन के प्रारंभिक स्तर-2,Bihar,Bhagalpur,13,0,7
BH_DIET_Bhojpur_MIP_2025-26,Bihar,Bhojpur,6,0,8
Digital Nagrik Program,Karnataka,Chikkaballapura,14,5,6
Digital Nagrik Program,Karnataka,Shivamogga,31,2,9
Digital Nagrik Program,Karnataka,Kodagu,15,2,8
Digital Nagrik Program,Karnataka,Udupi,15,0,2
Digital Nagrik Program,Karnataka,Bagalkot,4,1,2
Digital Nagrik Program,Karnataka,Uttara Kannada Sirsi,5,0,0
Digital Nagrik Program,Karnataka,Uttara Kannada,26,0,1
Digital Nagrik Program,Karnataka,Mysuru,9,1,3
Digital Nagrik Program,Karnataka,Ramanagara,44,11,59
Digital Nagrik Program,Karnataka,Haveri,59,10,80
Digital Nagrik Program,Karnataka,Bengaluru U South,24,1,0
Digital Nagrik Program,Karnataka,Belagavi,10,0,3
Digital Nagrik Program,Karnataka,Bengaluru U North,8,0,1
Digital Nagrik Program,Karnataka,Vijayapura,0,0,1
Digital Nagrik Program,Karnataka,Hassan,14,2,5
Digital Nagrik Program,Karnataka,Davanagere,30,4,13
Digital Nagrik Program,Karnataka,Tumakuru,3,0,2
Digital Nagrik Program,Karnataka,Dakshina Kannada,16,2,0
Digital Nagrik Program,Karnataka,Kalaburagi,14,1,0
Digital Nagrik Program,Karnataka,Chikkamangaluru,34,20,36
Digital Nagrik Program,Karnataka,Bidar,1,0,0
Digital Nagrik Program,Karnataka,Yadagiri,1,2,1
Digital Nagrik Program,Karnataka,Raichur,41,19,45
Digital Nagrik Program,Karnataka,Ballari,2,0,0
Digital Nagrik Program,Karnataka,Chitradurga,10,2,3
Digital Nagrik Program,Karnataka,Bengaluru Rural,3,1,1
Digital Nagrik Program,Karnataka,Mandya,30,12,40
Digital Nagrik Program,Karnataka,Belagavi Chikkodi,12,4,6
Digital Nagrik Program,Karnataka,Kolar,0,0,1
Digital Nagrik Program,Karnataka,Dharwad,6,1,0
Digital Nagrik Program,Karnataka,Chamarajanagara,4,0,1
Digital Nagrik Program,Karnataka,Gadag,2,1,1
haryana program,Haryana,Faridabad,10,1,25
haryana program,Haryana,Panchkula,12,0,45
haryana program,Haryana,Yamunanagar,10,0,61
haryana program,Haryana,Kaithal,8,0,78
haryana program,Haryana,Ambala,26,1,53
haryana program,Haryana,Sirsa,11,0,92
haryana program,Haryana,Karnal,19,1,72
haryana program,Haryana,Jind,22,2,97
haryana program,Haryana,Gurugram,20,0,50
haryana program,Haryana,Nuh,45,1,116
haryana program,Haryana,Rewari,7,0,68
haryana program,Haryana,Charkhi Dadri,6,0,48
haryana program,Haryana,Bhiwani,13,3,61
haryana program,Haryana,Sonepat,20,3,95
haryana program,Haryana,Kurukshetra,8,1,48
haryana program,Haryana,Fatehabad,14,0,60
haryana program,Haryana,Panipat,19,1,35
haryana program,Haryana,Hisar,33,1,73
haryana program,Haryana,Jhajjar,12,1,60
haryana program,Haryana,Rohtak,22,3,52
haryana program,Haryana,Mahendergarh,8,0,59
haryana program,Haryana,Palwal,8,1,22
Innovative Pedagogy,Meghalaya,South West Khasi Hills,1,1,2
Innovative Pedagogy,Tripura,Dhalai,5,0,5
Innovative Pedagogy,Meghalaya,Ri Bhoi,2,1,0
Innovative Pedagogy,Meghalaya,West Khasi Hills,5,0,1
Innovative Pedagogy,Tripura,Khowai,0,0,2
Innovative Pedagogy,Meghalaya,East Garo Hills,2,1,0
Innovative Pedagogy,Tripura,Gomati,1,0,0
Innovative Pedagogy,Meghalaya,South Garo Hills,1,0,0
Innovative Pedagogy,Meghalaya,East Jaintia Hills,1,0,2
Innovative Pedagogy,Tripura,North Tripura,2,0,0
Innovative Pedagogy,Meghalaya,West Jaintia Hills,2,0,0
Innovative Pedagogy,Meghalaya,West Garo Hills,2,0,0
Innovative Pedagogy,Meghalaya,East Khasi Hills,14,2,3
Innovative Pedagogy,Meghalaya,North Garo Hills,13,1,4
Literacy and Numeracy Fest 2.0,Nagaland,Dimapur,1992,40,1674
Literacy and Numeracy Fest 2.0,Nagaland,Kiphire,350,10,442
Literacy and Numeracy Fest 2.0,Nagaland,Mon,785,17,792
Literacy and Numeracy Fest 2.0,Nagaland,Zunheboto,540,11,830
Literacy and Numeracy Fest 2.0,Nagaland,Longleng,202,0,359
Literacy and Numeracy Fest 2.0,Nagaland,Mokokchung,1009,12,982
Literacy and Numeracy Fest 2.0,Nagaland,Wokha,412,8,292
Literacy and Numeracy Fest 2.0,Nagaland,Kohima,596,13,565
Literacy and Numeracy Fest 2.0,Nagaland,Peren,263,6,204
Literacy and Numeracy Fest 2.0,Nagaland,Phek,573,7,654
Literacy and Numeracy Fest 2.0,Nagaland,Tuensang,646,25,525
Literacy and Numeracy Fest 3.0,Nagaland,Kohima,511,10,682
Literacy and Numeracy Fest 3.0,Nagaland,Zunheboto,431,9,644
Literacy and Numeracy Fest 3.0,Nagaland,Mokokchung,691,12,1090
Literacy and Numeracy Fest 3.0,Nagaland,Longleng,87,0,247
Literacy and Numeracy Fest 3.0,Nagaland,Tuensang,453,14,538
Literacy and Numeracy Fest 3.0,Nagaland,Mon,384,10,546
Literacy and Numeracy Fest 3.0,Nagaland,Wokha,227,5,250
Literacy and Numeracy Fest 3.0,Nagaland,Phek,386,8,705
Literacy and Numeracy Fest 3.0,Nagaland,Kiphire,307,4,933
Literacy and Numeracy Fest 3.0,Nagaland,Peren,307,10,596
Literacy and Numeracy Fest 3.0,Nagaland,Dimapur,1321,30,1675
Mega Parent Teachers Meeting,Meghalaya,West Khasi Hills,8,1,1
Mega Parent Teachers Meeting,Meghalaya,East Jaintia Hills,1,0,1
Mega Parent Teachers Meeting,Meghalaya,South Garo Hills,4,0,0
Mega Parent Teachers Meeting,Meghalaya,West Garo Hills,21,0,1
Mega Parent Teachers Meeting,Meghalaya,North Garo Hills,1,0,0
Mega Parent Teachers Meeting,Meghalaya,West Jaintia Hills,4,0,0
Mega Parent Teachers Meeting,Tripura,North Tripura,1,0,0
Mega Parent Teachers Meeting,Tripura,Dhalai,0,0,1
Mega Parent Teachers Meeting,Meghalaya,East Khasi Hills,26,0,0
Mega Parent Teachers Meeting,Meghalaya,Ri Bhoi,1,0,0
Mega Parent Teachers Meeting,Meghalaya,South West Khasi Hills,5,0,0
Mega Parent Teachers Meeting,Meghalaya,East Garo Hills,4,0,0
Meghalaya Class Readiness Program,Meghalaya,East Jaintia Hills,1,0,0
Meghalaya Class Readiness Program,Meghalaya,East Khasi Hills,3,0,2
Meghalaya Class Readiness Program,Meghalaya,West Jaintia Hills,0,0,1
Meghalaya Reading Festival,Meghalaya,South Garo Hills,1,0,0
Meghalaya Reading Festival,Meghalaya,West Garo Hills,12,0,2
Meghalaya Reading Festival,Meghalaya,East Khasi Hills,24,1,0
Meghalaya Reading Festival,Meghalaya,South West Khasi Hills,3,0,0
Meghalaya Reading Festival,Meghalaya,Ri Bhoi,3,0,0
Meghalaya Reading Festival,Meghalaya,West Jaintia Hills,7,0,0
Meghalaya Reading Festival,Meghalaya,South West Garo Hills,2,0,0
Meghalaya Reading Festival,Meghalaya,West Khasi Hills,9,0,1
Meghalaya Reading Festival,Meghalaya,East Garo Hills,4,0,0
DIET_Sheikhpura_ DEP_2024-25,Bihar,Sheikhpura,10,0,1
BR_DIET_Motihari_MIP_घटाव की समझ,Bihar,Purba Champaran,7,0,3
BH_DIET_Gaya_MIP_कक्षा में पुस्तकालय,Bihar,Gaya,9,0,0
BR_DIET_Araria_MIP_2025-26,Bihar,Araria,9,0,0
DEP_ARARIA _डिजिटल प्लेटफॉर्म्स टूल्स - ऑनलाइन शिक्षा के लिए,Bihar,Araria,8,0,0
"DEP_KUMARBAGH_मापन -लम्बाई, भार व धारिता",Bihar,Pashchim Champaran,8,0,0
Nipun Bharat Puducherry,Puducherry,Pondicherry,8,0,2
Nipun Bharat Puducherry,Puducherry,Karaikal,12,0,62
Nipun Bharat Puducherry,Puducherry,Mahe,0,1,11
Nipun Bharat Puducherry,Puducherry,Puducherry,27,2,151
Nipun Bharat Puducherry,Puducherry,Yanam,0,0,16
Prerak Head Teacher of the Block,Uttar Pradesh,Lalitpur,5,0,0
Prerak Head Teacher of the Block,Uttar Pradesh,Kanpur Dehat,10,0,0
Prerak Head Teacher of the Block,Uttar Pradesh,Pratapgarh,20,0,0
Prerak Head Teacher of the Block,Uttar Pradesh,Sant Ravidas Nagar,8,1,0
Prerak Head Teacher of the Block,Uttar Pradesh,Hathras,12,0,0
Prerak Head Teacher of the Block,Uttar Pradesh,Ghaziabad,3,0,1
Prerak Head Teacher of the Block,Uttar Pradesh,Sant Kabir Nagar,9,0,0
Prerak Head Teacher of the Block,Uttar Pradesh,Unnao,28,0,0
Prerak Head Teacher of the Block,Uttar Pradesh,Badaun,16,0,1
Prerak Head Teacher of the Block,Uttar Pradesh,Bijnor,21,0,1
Prerak Head Teacher of the Block,Uttar Pradesh,Pilibhit,13,0,0
Prerak Head Teacher of the Block,Uttar Pradesh,Azamgarh,17,0,0
Prerak Head Teacher of the Block,Uttar Pradesh,Lakhimpur Kheri,10,0,0
Prerak Head Teacher of the Block,Uttar Pradesh,Mathura,11,0,0
Prerak Head Teacher of the Block,Uttar Pradesh,Bulandshahar,13,0,0
Prerak Head Teacher of the Block,Uttar Pradesh,Mainpuri,7,0,0
Prerak Head Teacher of the Block,Uttar Pradesh,Sitapur,33,0,0
Prerak Head Teacher of the Block,Uttar Pradesh,Ambedkar Nagar,15,0,0
Prerak Head Teacher of the Block,Uttar Pradesh,Chitrakoot,7,0,1
Prerak Head Teacher of the Block,Uttar Pradesh,Rampur,12,0,1
Prerak Head Teacher of the Block,Uttar Pradesh,Etawah,16,0,0
Prerak Head Teacher of the Block,Uttar Pradesh,Shravasti,3,1,0
Prerak Head Teacher of the Block,Uttar Pradesh,Fatehpur,22,1,1
Prerak Head Teacher of the Block,Uttar Pradesh,Sidharthnagar,8,0,0
Prerak Head Teacher of the Block,Uttar Pradesh,Jaunpur,22,0,1
Prerak Head Teacher of the Block,Uttar Pradesh,Meerut,9,0,0
Prerak Head Teacher of the Block,Uttar Pradesh,Gautam Budh Nagar,15,0,0
Prerak Head Teacher of the Block,Uttar Pradesh,Jhansi,11,0,0
Prerak Head Teacher of the Block,Uttar Pradesh,Hamirpur,5,0,0
Prerak Head Teacher of the Block,Uttar Pradesh,Baghpat,4,0,0
Prerak Head Teacher of the Block,Uttar Pradesh,Auraiya,21,0,0
Prerak Head Teacher of the Block,Uttar Pradesh,Shahjahanpur,6,0,2
Prerak Head Teacher of the Block,Uttar Pradesh,Deoria,9,0,1
Prerak Head Teacher of the Block,Uttar Pradesh,Hardoi,12,0,0
Prerak Head Teacher of the Block,Uttar Pradesh,Kaushambi,16,0,0
Prerak Head Teacher of the Block,Uttar Pradesh,Bareilly,21,0,0
Prerak Head Teacher of the Block,Uttar Pradesh,Mahoba,5,0,0
Prerak Head Teacher of the Block,Uttar Pradesh,Banda,14,0,1
Prerak Head Teacher of the Block,Uttar Pradesh,Kushinagar,15,1,0
Prerak Head Teacher of the Block,Uttar Pradesh,Moradabad,20,0,0
Prerak Head Teacher of the Block,Uttar Pradesh,Ayodhya(Faizabad),12,0,0
Prerak Head Teacher of the Block,Uttar Pradesh,Ghazipur,33,0,0
Prerak Head Teacher of the Block,Uttar Pradesh,Agra,50,1,5
Prerak Head Teacher of the Block,Uttar Pradesh,Etah,20,0,0
Prerak Head Teacher of the Block,Uttar Pradesh,Barabanki,45,7,65
Prerak Head Teacher of the Block,Uttar Pradesh,Aligarh,29,1,3
Prerak Head Teacher of the Block,Uttar Pradesh,Farrukhabad,15,0,0
Prerak Head Teacher of the Block,Uttar Pradesh,Saharanpur,23,1,3
Prerak Head Teacher of the Block,Uttar Pradesh,Ballia,8,0,0
Prerak Head Teacher of the Block,Uttar Pradesh,Chandauli,8,0,0
Prerak Head Teacher of the Block,Uttar Pradesh,Firozabad,16,0,1
Prerak Head Teacher of the Block,Uttar Pradesh,Prayagraj(Allahabad),101,5,30
Prerak Head Teacher of the Block,Uttar Pradesh,Muzaffarnagar,6,0,1
Prerak Head Teacher of the Block,Uttar Pradesh,Jalaun,10,0,0
Prerak Head Teacher of the Block,Uttar Pradesh,Sambhal,6,0,0
Prerak Head Teacher of the Block,Uttar Pradesh,Kannauj,6,0,0
Prerak Head Teacher of the Block,Uttar Pradesh,Balrampur,4,0,0
Prerak Head Teacher of the Block,Uttar Pradesh,Behraich,8,0,0
Prerak Head Teacher of the Block,Uttar Pradesh,Maharajganj,7,0,0
Prerak Head Teacher of the Block,Uttar Pradesh,Kasganj,29,0,7
Prerak Head Teacher of the Block,Uttar Pradesh,Amroha,8,0,0
Prerak Head Teacher of the Block,Uttar Pradesh,Varanasi,32,0,1
Prerak Head Teacher of the Block,Uttar Pradesh,Gonda,8,0,0
Prerak Head Teacher of the Block,Uttar Pradesh,Basti,16,0,0
Prerak Head Teacher of the Block,Uttar Pradesh,Shamli,14,0,0
Prerak Head Teacher of the Block,Uttar Pradesh,Mau,15,1,0
Prerak Head Teacher of the Block,Uttar Pradesh,Lucknow,24,0,0
Prerak Head Teacher of the Block,Uttar Pradesh,Hapur,10,0,0
Prerak Head Teacher of the Block,Uttar Pradesh,Kanpur Nagar,26,1,0
Prerak Head Teacher of the Block,Uttar Pradesh,Raebareli,19,1,2
Prerak Head Teacher of the Block,Uttar Pradesh,Gorakhpur,13,0,0
Prerak Head Teacher of the Block,Uttar Pradesh,Mirzapur,13,0,0
Prerak Head Teacher of the Block,Uttar Pradesh,Sultanpur,10,1,0
Prerak Head Teacher of the Block,Uttar Pradesh,Amethi,36,3,11
Prerak Head Teacher of the Block,Uttar Pradesh,Sonbhadra,9,0,0
Prerak Head Teacher of the Block 19-20,Uttar Pradesh,Banda,1,0,0
Prerak Head Teacher of the Block 19-20,Uttar Pradesh,Mirzapur,4,0,0
Prerak Head Teacher of the Block 19-20,Uttar Pradesh,Sambhal,0,0,1
Prerak Head Teacher of the Block 19-20,Uttar Pradesh,Chandauli,1,0,0
Prerak Head Teacher of the Block 19-20,Uttar Pradesh,Kasganj,4,0,1
Prerak Head Teacher of the Block 19-20,Uttar Pradesh,Shravasti,2,0,0
Prerak Head Teacher of the Block 19-20,Uttar Pradesh,Prayagraj(Allahabad),7,0,1
Prerak Head Teacher of the Block 19-20,Uttar Pradesh,Kanpur Dehat,5,0,0
Prerak Head Teacher of the Block 19-20,Uttar Pradesh,Agra,12,0,0
Prerak Head Teacher of the Block 19-20,Uttar Pradesh,Ghazipur,5,0,0
Prerak Head Teacher of the Block 19-20,Uttar Pradesh,Barabanki,5,0,1
Prerak Head Teacher of the Block 19-20,Uttar Pradesh,Moradabad,5,0,0
Prerak Head Teacher of the Block 19-20,Uttar Pradesh,Gorakhpur,7,0,1
Prerak Head Teacher of the Block 19-20,Uttar Pradesh,Jalaun,4,0,0
Prerak Head Teacher of the Block 19-20,Uttar Pradesh,Hapur,3,0,0
Prerak Head Teacher of the Block 19-20,Uttar Pradesh,Kanpur Nagar,4,0,0
Prerak Head Teacher of the Block 19-20,Uttar Pradesh,Maharajganj,1,0,0
Prerak Head Teacher of the Block 19-20,Uttar Pradesh,Lalitpur,2,0,0
Prerak Head Teacher of the Block 19-20,Uttar Pradesh,Firozabad,1,0,0
Prerak Head Teacher of the Block 19-20,Uttar Pradesh,Kannauj,6,0,1
Prerak Head Teacher of the Block 19-20,Uttar Pradesh,Amethi,3,0,0
Prerak Head Teacher of the Block 19-20,Uttar Pradesh,Sant Ravidas Nagar,2,0,0
Prerak Head Teacher of the Block 19-20,Uttar Pradesh,Jhansi,4,0,0
Prerak Head Teacher of the Block 19-20,Uttar Pradesh,Jaunpur,4,0,1
Prerak Head Teacher of the Block 19-20,Uttar Pradesh,Hamirpur,0,0,1
Prerak Head Teacher of the Block 19-20,Uttar Pradesh,Pilibhit,7,0,0
Prerak Head Teacher of the Block 19-20,Uttar Pradesh,Fatehpur,18,0,1
Prerak Head Teacher of the Block 19-20,Uttar Pradesh,Ballia,4,0,0
Prerak Head Teacher of the Block 19-20,Uttar Pradesh,Badaun,5,0,0
Prerak Head Teacher of the Block 19-20,Uttar Pradesh,Aligarh,13,1,0
Prerak Head Teacher of the Block 19-20,Uttar Pradesh,Kaushambi,7,0,0
Prerak Head Teacher of the Block 19-20,Uttar Pradesh,Mainpuri,1,0,0
Prerak Head Teacher of the Block 19-20,Uttar Pradesh,Sidharthnagar,4,0,0
Prerak Head Teacher of the Block 19-20,Uttar Pradesh,Rampur,2,0,0
Prerak Head Teacher of the Block 19-20,Uttar Pradesh,Muzaffarnagar,3,1,0
Prerak Head Teacher of the Block 19-20,Uttar Pradesh,Saharanpur,9,1,1
Prerak Head Teacher of the Block 19-20,Uttar Pradesh,Shahjahanpur,2,0,0
Prerak Head Teacher of the Block 19-20,Uttar Pradesh,Behraich,2,0,0
Prerak Head Teacher of the Block 19-20,Uttar Pradesh,Chitrakoot,2,0,0
Prerak Head Teacher of the Block 19-20,Uttar Pradesh,Basti,2,0,0
Prerak Head Teacher of the Block 19-20,Uttar Pradesh,Bijnor,7,0,1
Prerak Head Teacher of the Block 19-20,Uttar Pradesh,Sultanpur,1,0,0
Prerak Head Teacher of the Block 19-20,Uttar Pradesh,Bulandshahar,5,0,0
Prerak Head Teacher of the Block 19-20,Uttar Pradesh,Etah,3,0,0
Prerak Head Teacher of the Block 19-20,Uttar Pradesh,Baghpat,3,0,0
Prerak Head Teacher of the Block 19-20,Uttar Pradesh,Ambedkar Nagar,3,0,0
Prerak Head Teacher of the Block 19-20,Uttar Pradesh,Sant Kabir Nagar,4,0,0
Prerak Head Teacher of the Block 19-20,Uttar Pradesh,Etawah,4,0,0
Prerak Head Teacher of the Block 19-20,Uttar Pradesh,Farrukhabad,6,0,0
Prerak Head Teacher of the Block 19-20,Uttar Pradesh,Varanasi,17,0,4
Prerak Head Teacher of the Block 19-20,Uttar Pradesh,Ghaziabad,4,0,0
Prerak Head Teacher of the Block 19-20,Uttar Pradesh,Sonbhadra,3,0,0
Prerak Head Teacher of the Block 19-20,Uttar Pradesh,Lakhimpur Kheri,3,0,0
Prerak Head Teacher of the Block 19-20,Uttar Pradesh,Ayodhya(Faizabad),4,0,0
Prerak Head Teacher of the Block 19-20,Uttar Pradesh,Mau,1,0,1
Prerak Head Teacher of the Block 19-20,Uttar Pradesh,Shamli,13,0,0
Prerak Head Teacher of the Block 19-20,Uttar Pradesh,Sitapur,10,1,0
Prerak Head Teacher of the Block 19-20,Uttar Pradesh,Hathras,1,0,0
Prerak Head Teacher of the Block 19-20,Uttar Pradesh,Hardoi,1,0,0
Prerak Head Teacher of the Block 19-20,Uttar Pradesh,Unnao,13,0,1
Prerak Head Teacher of the Block 19-20,Uttar Pradesh,Amroha,4,0,0
Prerak Head Teacher of the Block 19-20,Uttar Pradesh,Mathura,2,0,0
Prerak Head Teacher of the Block 19-20,Uttar Pradesh,Pratapgarh,6,0,0
Prerak Head Teacher of the Block 19-20,Uttar Pradesh,Bareilly,7,0,0
Prerak Head Teacher of the Block 19-20,Uttar Pradesh,Balrampur,3,0,0
Prerak Head Teacher of the Block 19-20,Uttar Pradesh,Kushinagar,2,0,0
Prerak Head Teacher of the Block 19-20,Uttar Pradesh,Auraiya,2,0,0
Prerak Head Teacher of the Block 19-20,Uttar Pradesh,Mahoba,1,0,0
Prerak Head Teacher of the Block 19-20,Uttar Pradesh,Gautam Budh Nagar,2,0,0
Prerak Head Teacher of the Block 19-20,Uttar Pradesh,Gonda,4,0,0
Prerak Head Teacher of the Block 19-20,Uttar Pradesh,Lucknow,5,0,0
Prerak Head Teacher of the Block 19-20,Uttar Pradesh,Raebareli,6,0,0
Prerak Head Teacher of the Block 19-20,Uttar Pradesh,Deoria,3,0,0
Prerak Head Teacher of the Block 19-20,Uttar Pradesh,Meerut,3,0,1
Program 5.1 certificates,Tripura,Dhalai,4,0,6
Program 5.1 certificates,Tripura,Gomati,1,0,1
program for support 05-06,Tripura,Sepahijala,1,0,0
Project Based Learning,Nagaland,Phek,10,0,5
Project Based Learning,Nagaland,Mokokchung,6,0,6
Project Based Learning,Nagaland,Peren,0,0,1
Project Based Learning,Nagaland,Dimapur,315,6,271
Project Based Learning,Nagaland,Wokha,5,0,5
Project Based Learning,Nagaland,Kohima,14,0,3
Project Based Learning,Nagaland,Kiphire,48,0,62
Project Based Learning,Nagaland,Tuensang,4,0,1
Project Based Learning,Nagaland,Zunheboto,14,0,4
Project Based Learning,Nagaland,Longleng,2,0,0
Project Based Learning,Nagaland,Mon,8,0,1
READ- Revolutionise Education And Dreams Campaign,Nagaland,Peren,35,2,102
READ- Revolutionise Education And Dreams Campaign,Nagaland,Mon,73,4,47
Reading Mela,Punjab,Muktsar,82,75,226
Resources start and end date is within program start and end date,Tripura,Gomati,0,0,1
Resources start and end date is within program start and end date,Tripura,Sepahijala,3,1,0
Resources start and end date is within program start and end date,Tripura,Dhalai,4,0,1
Resources start and end date is within program start and end date,Tripura,Unakoti,1,0,0
School Improvement Plan and Live Action Project (SIP and LAP),Andhra Pradesh,Parvathipuram Manyam,43,2,0
School Improvement Plan and Live Action Project (SIP and LAP),Andhra Pradesh,Prakasam,80,10,14
School Improvement Plan and Live Action Project (SIP and LAP),Andhra Pradesh,Alluri Sita Rama Raju,28,0,1
School Improvement Plan and Live Action Project (SIP and LAP),Andhra Pradesh,N.T.R,90,5,44
School Improvement Plan and Live Action Project (SIP and LAP),Andhra Pradesh,Annamayya,77,9,7
School Improvement Plan and Live Action Project (SIP and LAP),Andhra Pradesh,West Godavari,41,2,0
School Improvement Plan and Live Action Project (SIP and LAP),Andhra Pradesh,Anakapalli,32,2,2
School Improvement Plan and Live Action Project (SIP and LAP),Andhra Pradesh,Tirupati,114,14,71
School Improvement Plan and Live Action Project (SIP and LAP),Andhra Pradesh,Ysr Kadapa,91,11,20
School Improvement Plan and Live Action Project (SIP and LAP),Andhra Pradesh,Chittoor,105,12,73
School Improvement Plan and Live Action Project (SIP and LAP),Andhra Pradesh,Krishna,196,26,128
School Improvement Plan and Live Action Project (SIP and LAP),Andhra Pradesh,Kakinada,135,10,14
School Improvement Plan and Live Action Project (SIP and LAP),Andhra Pradesh,Visakhapatnam,51,2,16
School Improvement Plan and Live Action Project (SIP and LAP),Andhra Pradesh,Kurnool,59,6,5
School Improvement Plan and Live Action Project (SIP and LAP),Andhra Pradesh,Palnadu,419,64,363
School Improvement Plan and Live Action Project (SIP and LAP),Andhra Pradesh,Ananthapuram,73,6,20
School Improvement Plan and Live Action Project (SIP and LAP),Andhra Pradesh,Sri Satyasai,220,20,38
School Improvement Plan and Live Action Project (SIP and LAP),Andhra Pradesh,Eluru,33,2,10
School Improvement Plan and Live Action Project (SIP and LAP),Andhra Pradesh,Srikakulam,88,5,24
School Improvement Plan and Live Action Project (SIP and LAP),Andhra Pradesh,East Godavari,213,40,192
School Improvement Plan and Live Action Project (SIP and LAP),Andhra Pradesh,Bapatla,44,2,6
School Improvement Plan and Live Action Project (SIP and LAP),Andhra Pradesh,Dr. B.R. Ambedhkar Konaseema,276,41,95
School Improvement Plan and Live Action Project (SIP and LAP),Andhra Pradesh,Nandyal,89,10,18
School Improvement Plan and Live Action Project (SIP and LAP),Andhra Pradesh,Sps Nellore,128,10,54
School Improvement Plan and Live Action Project (SIP and LAP),Andhra Pradesh,Guntur,57,5,13
School Improvement Plan and Live Action Project (SIP and LAP),Andhra Pradesh,Vizianagaram,48,3,10
School Leader Collective_Prototype,Punjab,Barnala,36,2,1
School Leader Collective_Prototype,Punjab,Amritsar,83,5,6
School Leader Collective_Prototype,Punjab,Malerkotla,4,0,0
School Leader Collective_Prototype,Punjab,Faridkot,67,2,3
School Leader Collective_Prototype,Punjab,S.B.S. Nagar,38,3,1
School Leader Collective_Prototype,Punjab,Ferozepur,19,0,0
School Leader Collective_Prototype,Punjab,Kapurthala,36,0,2
School Leader Collective_Prototype,Punjab,Mohali,18,0,1
School Leader Collective_Prototype,Punjab,Roopnagar,70,6,5
School Leader Collective_Prototype,Punjab,Nawanshahr,3,0,1
School Leader Collective_Prototype,Punjab,Hoshiarpur,123,3,10
School Leader Collective_Prototype,Punjab,Fazilka,87,2,4
School Leader Collective_Prototype,Punjab,Pathankot,41,1,5
School Leader Collective_Prototype,Punjab,Sangrur,102,2,4
School Leader Collective_Prototype,Punjab,Patiala,91,4,3
School Leader Collective_Prototype,Punjab,Gurdaspur,67,1,1
School Leader Collective_Prototype,Punjab,Sas Nagar,25,1,1
School Leader Collective_Prototype,Punjab,Fatehgarh Sahib,26,1,0
School Leader Collective_Prototype,Punjab,Bathinda,102,0,6
School Leader Collective_Prototype,Punjab,Rupnagar,10,0,0
School Leader Collective_Prototype,Punjab,Moga,48,1,1
School Leader Collective_Prototype,Punjab,Jalandhar,108,0,8
School Leader Collective_Prototype,Punjab,Taran Taran,11,0,0
School Leader Collective_Prototype,Punjab,Tarn Taran,44,2,2
School Leader Collective_Prototype,Punjab,Muktsar,85,3,3
School Leader Collective_Prototype,Punjab,Mansa,46,0,2
School Leader Collective_Prototype,Punjab,Ludhiana,108,3,6
School Leader Collective_Prototype,Punjab,Firozpur,5,0,0
SSA-Gender Equity,Uttar Pradesh,Hamirpur,3,0,0
SSA-Gender Equity,Uttar Pradesh,Ballia,13,0,0
SSA-Gender Equity,Uttar Pradesh,Bulandshahar,18,1,0
SSA-Gender Equity,Uttar Pradesh,Bijnor,10,2,0
SSA-Gender Equity,Uttar Pradesh,Mainpuri,11,1,1
SSA-Gender Equity,Uttar Pradesh,Deoria,5,0,0
SSA-Gender Equity,Uttar Pradesh,Azamgarh,13,0,0
SSA-Gender Equity,Uttar Pradesh,Muzaffarnagar,26,2,0
SSA-Gender Equity,Uttar Pradesh,Meerut,13,1,0
SSA-Gender Equity,Uttar Pradesh,Bareilly,8,0,0
SSA-Gender Equity,Uttar Pradesh,Lakhimpur Kheri,25,0,0
SSA-Gender Equity,Uttar Pradesh,Fatehpur,284,20,2
SSA-Gender Equity,Uttar Pradesh,Gorakhpur,25,0,0
SSA-Gender Equity,Uttar Pradesh,Lalitpur,4,1,0
SSA-Gender Equity,Uttar Pradesh,Jaunpur,24,3,0
SSA-Gender Equity,Uttar Pradesh,Raebareli,12,2,1
SSA-Gender Equity,Uttar Pradesh,Kasganj,9,0,0
SSA-Gender Equity,Uttar Pradesh,Chitrakoot,3,1,0
SSA-Gender Equity,Uttar Pradesh,Sidharthnagar,8,2,0
SSA-Gender Equity,Uttar Pradesh,Sant Ravidas Nagar,13,0,0
SSA-Gender Equity,Uttar Pradesh,Jhansi,10,2,0
SSA-Gender Equity,Uttar Pradesh,Sonbhadra,10,2,0
SSA-Gender Equity,Uttar Pradesh,Behraich,16,0,0
SSA-Gender Equity,Uttar Pradesh,Ayodhya(Faizabad),28,3,0
SSA-Gender Equity,Uttar Pradesh,Maharajganj,7,1,1
SSA-Gender Equity,Uttar Pradesh,Kannauj,3,1,0
SSA-Gender Equity,Uttar Pradesh,Basti,13,2,0
SSA-Gender Equity,Uttar Pradesh,Gonda,15,0,0
SSA-Gender Equity,Uttar Pradesh,Ambedkar Nagar,12,0,0
SSA-Gender Equity,Uttar Pradesh,Amroha,8,0,0
SSA-Gender Equity,Uttar Pradesh,Unnao,112,19,0
SSA-Gender Equity,Uttar Pradesh,Pilibhit,95,1,0
SSA-Gender Equity,Uttar Pradesh,Mirzapur,16,1,1
SSA-Gender Equity,Uttar Pradesh,Baghpat,20,0,0
SSA-Gender Equity,Uttar Pradesh,Sambhal,17,3,0
SSA-Gender Equity,Uttar Pradesh,Saharanpur,62,23,0
SSA-Gender Equity,Uttar Pradesh,Kanpur Nagar,133,12,0
SSA-Gender Equity,Uttar Pradesh,Etawah,26,0,0
SSA-Gender Equity,Uttar Pradesh,Kaushambi,14,1,1
SSA-Gender Equity,Uttar Pradesh,Rampur,59,3,0
SSA-Gender Equity,Uttar Pradesh,Jalaun,7,0,0
SSA-Gender Equity,Uttar Pradesh,Agra,35,2,5
SSA-Gender Equity,Uttar Pradesh,Ghazipur,192,195,1
SSA-Gender Equity,Uttar Pradesh,Mau,120,68,0
SSA-Gender Equity,Uttar Pradesh,Farrukhabad,7,0,0
SSA-Gender Equity,Uttar Pradesh,Banda,9,0,0
SSA-Gender Equity,Uttar Pradesh,Gautam Budh Nagar,12,0,1
SSA-Gender Equity,Uttar Pradesh,Aligarh,13,0,0
SSA-Gender Equity,Uttar Pradesh,Badaun,77,7,0
SSA-Gender Equity,Uttar Pradesh,Hathras,36,5,0
SSA-Gender Equity,Uttar Pradesh,Shahjahanpur,18,2,1
SSA-Gender Equity,Uttar Pradesh,Balrampur,4,0,0
SSA-Gender Equity,Uttar Pradesh,Shravasti,5,2,0
SSA-Gender Equity,Uttar Pradesh,Etah,9,1,0
SSA-Gender Equity,Uttar Pradesh,Lucknow,41,1,0
SSA-Gender Equity,Uttar Pradesh,Auraiya,6,0,0
SSA-Gender Equity,Uttar Pradesh,Hapur,11,0,0
SSA-Gender Equity,Uttar Pradesh,Prayagraj(Allahabad),20,0,0
SSA-Gender Equity,Uttar Pradesh,Sitapur,34,1,0
SSA-Gender Equity,Uttar Pradesh,Pratapgarh,15,2,0
SSA-Gender Equity,Uttar Pradesh,Mathura,6,2,0
SSA-Gender Equity,Uttar Pradesh,Moradabad,16,1,0
SSA-Gender Equity,Uttar Pradesh,Ghaziabad,9,1,0
SSA-Gender Equity,Uttar Pradesh,Chandauli,11,0,0
SSA-Gender Equity,Uttar Pradesh,Sant Kabir Nagar,6,2,0
SSA-Gender Equity,Uttar Pradesh,Firozabad,14,0,1
SSA-Gender Equity,Uttar Pradesh,Hardoi,38,10,0
SSA-Gender Equity,Uttar Pradesh,Sultanpur,9,2,0
SSA-Gender Equity,Uttar Pradesh,Mahoba,3,2,0
SSA-Gender Equity,Uttar Pradesh,Barabanki,9,0,0
SSA-Gender Equity,Uttar Pradesh,Varanasi,19,2,0
SSA-Gender Equity,Uttar Pradesh,Kushinagar,8,0,0
SSA-Gender Equity,Uttar Pradesh,Kanpur Dehat,7,1,1
SSA-Gender Equity,Uttar Pradesh,Amethi,7,0,0
SSA-Gender Equity,Uttar Pradesh,Shamli,21,4,0
STEM MELA_STEMमंच,Haryana,Rohtak,20,1,21
STEM MELA_STEMमंच,Haryana,Gurugram,26,3,18
STEM MELA_STEMमंच,Haryana,Palwal,8,0,10
STEM MELA_STEMमंच,Haryana,Sonepat,23,1,24
STEM MELA_STEMमंच,Haryana,Karnal,14,0,36
STEM MELA_STEMमंच,Haryana,Kaithal,31,2,62
STEM MELA_STEMमंच,Haryana,Mahendergarh,32,2,60
STEM MELA_STEMमंच,Haryana,Fatehabad,45,3,102
STEM MELA_STEMमंच,Haryana,Jhajjar,10,0,32
STEM MELA_STEMमंच,Haryana,Rewari,35,0,50
STEM MELA_STEMमंच,Haryana,Hisar,41,3,95
STEM MELA_STEMमंच,Haryana,Nuh,54,3,268
STEM MELA_STEMमंच,Haryana,Bhiwani,21,1,24
STEM MELA_STEMमंच,Haryana,Panipat,26,0,41
STEM MELA_STEMमंच,Haryana,Yamunanagar,12,0,5
STEM MELA_STEMमंच,Haryana,Sirsa,65,0,143
STEM MELA_STEMमंच,Haryana,Panchkula,17,1,41
STEM MELA_STEMमंच,Haryana,Kurukshetra,32,3,33
STEM MELA_STEMमंच,Haryana,Ambala,40,2,67
STEM MELA_STEMमंच,Haryana,Faridabad,27,0,9
STEM MELA_STEMमंच,Haryana,Charkhi Dadri,5,0,4
STEM MELA_STEMमंच,Haryana,Jind,46,2,71
STEM_मंच-3 Mathematics,Haryana,Bhiwani,34,1,37
STEM_मंच-3 Mathematics,Haryana,Jhajjar,19,0,48
STEM_मंच-3 Mathematics,Haryana,Rohtak,11,0,33
STEM_मंच-3 Mathematics,Haryana,Ambala,34,0,79
STEM_मंच-3 Mathematics,Haryana,Rewari,8,0,15
STEM_मंच-3 Mathematics,Haryana,Kaithal,15,3,38
STEM_मंच-3 Mathematics,Haryana,Nuh,46,3,297
STEM_मंच-3 Mathematics,Haryana,Palwal,4,0,14
STEM_मंच-3 Mathematics,Haryana,Jind,41,1,72
STEM_मंच-3 Mathematics,Haryana,Fatehabad,66,0,258
STEM_मंच-3 Mathematics,Haryana,Hisar,47,0,121
STEM_मंच-3 Mathematics,Haryana,Gurugram,14,1,14
STEM_मंच-3 Mathematics,Haryana,Panchkula,23,0,56
STEM_मंच-3 Mathematics,Haryana,Faridabad,5,0,6
STEM_मंच-3 Mathematics,Haryana,Sirsa,45,0,143
STEM_मंच-3 Mathematics,Haryana,Charkhi Dadri,5,0,0
STEM_मंच-3 Mathematics,Haryana,Panipat,8,0,49
STEM_मंच-3 Mathematics,Haryana,Karnal,23,0,47
STEM_मंच-3 Mathematics,Haryana,Yamunanagar,4,0,6
STEM_मंच-3 Mathematics,Haryana,Kurukshetra,26,0,61
STEM_मंच-3 Mathematics,Haryana,Mahendergarh,22,0,34
STEM_मंच-3 Mathematics,Haryana,Sonepat,13,1,78
STEM_मंच-3 Science,Haryana,Kurukshetra,21,0,78
STEM_मंच-3 Science,Haryana,Jind,54,2,108
STEM_मंच-3 Science,Haryana,Faridabad,13,0,15
STEM_मंच-3 Science,Haryana,Sirsa,53,1,216
STEM_मंच-3 Science,Haryana,Palwal,16,0,18
STEM_मंच-3 Science,Haryana,Ambala,42,1,131
STEM_मंच-3 Science,Haryana,Sonepat,45,0,141
STEM_मंच-3 Science,Haryana,Panipat,27,1,60
STEM_मंच-3 Science,Haryana,Gurugram,9,1,19
STEM_मंच-3 Science,Haryana,Jhajjar,27,0,79
STEM_मंच-3 Science,Haryana,Charkhi Dadri,6,0,2
STEM_मंच-3 Science,Haryana,Nuh,60,1,497
STEM_मंच-3 Science,Haryana,Rewari,23,1,34
STEM_मंच-3 Science,Haryana,Karnal,26,0,66
STEM_मंच-3 Science,Haryana,Bhiwani,41,4,65
STEM_मंच-3 Science,Haryana,Rohtak,20,0,66
STEM_मंच-3 Science,Haryana,Hisar,74,1,204
STEM_मंच-3 Science,Haryana,Mahendergarh,45,0,67
STEM_मंच-3 Science,Haryana,Fatehabad,66,0,319
STEM_मंच-3 Science,Haryana,Yamunanagar,5,0,10
STEM_मंच-3 Science,Haryana,Kaithal,26,0,38
STEM_मंच-3 Science,Haryana,Panchkula,45,0,83
STEM_मंच-4 Mathematics,Haryana,Charkhi Dadri,1,0,4
STEM_मंच-4 Mathematics,Haryana,Kaithal,18,0,25
STEM_मंच-4 Mathematics,Haryana,Panipat,17,0,48
STEM_मंच-4 Mathematics,Haryana,Yamunanagar,6,1,3
STEM_मंच-4 Mathematics,Haryana,Fatehabad,54,0,253
STEM_मंच-4 Mathematics,Haryana,Sonepat,16,0,75
STEM_मंच-4 Mathematics,Haryana,Karnal,15,2,49
STEM_मंच-4 Mathematics,Haryana,Mahendergarh,22,0,28
STEM_मंच-4 Mathematics,Haryana,Faridabad,1,0,5
STEM_मंच-4 Mathematics,Haryana,Jhajjar,18,0,55
STEM_मंच-4 Mathematics,Haryana,Rohtak,7,0,33
STEM_मंच-4 Mathematics,Haryana,Jind,25,1,67
STEM_मंच-4 Mathematics,Haryana,Kurukshetra,23,0,57
STEM_मंच-4 Mathematics,Haryana,Rewari,16,1,20
STEM_मंच-4 Mathematics,Haryana,Nuh,40,2,262
STEM_मंच-4 Mathematics,Haryana,Ambala,36,0,76
STEM_मंच-4 Mathematics,Haryana,Sirsa,51,0,132
STEM_मंच-4 Mathematics,Haryana,Panchkula,11,0,51
STEM_मंच-4 Mathematics,Haryana,Hisar,35,2,95
STEM_मंच-4 Mathematics,Haryana,Bhiwani,27,1,51
STEM_मंच-4 Mathematics,Haryana,Gurugram,7,3,9
STEM_मंच-4 Mathematics,Haryana,Palwal,13,1,11
STEM_मंच-4 Science,Haryana,Sonepat,43,1,132
STEM_मंच-4 Science,Haryana,Karnal,16,1,77
STEM_मंच-4 Science,Haryana,Palwal,17,0,13
STEM_मंच-4 Science,Haryana,Bhiwani,52,1,75
STEM_मंच-4 Science,Haryana,Faridabad,16,1,6
STEM_मंच-4 Science,Haryana,Rohtak,19,1,60
STEM_मंच-4 Science,Haryana,Gurugram,17,0,29
STEM_मंच-4 Science,Haryana,Sirsa,88,1,190
STEM_मंच-4 Science,Haryana,Hisar,75,0,167
STEM_मंच-4 Science,Haryana,Kurukshetra,45,1,75
STEM_मंच-4 Science,Haryana,Jhajjar,31,0,82
STEM_मंच-4 Science,Haryana,Rewari,33,1,57
STEM_मंच-4 Science,Haryana,Fatehabad,79,1,305
STEM_मंच-4 Science,Haryana,Panchkula,38,2,70
STEM_मंच-4 Science,Haryana,Yamunanagar,6,0,13
STEM_मंच-4 Science,Haryana,Kaithal,23,0,61
STEM_मंच-4 Science,Haryana,Nuh,89,2,474
STEM_मंच-4 Science,Haryana,Mahendergarh,53,1,39
STEM_मंच-4 Science,Haryana,Ambala,56,2,120
STEM_मंच-4 Science,Haryana,Charkhi Dadri,5,0,12
STEM_मंच-4 Science,Haryana,Jind,59,5,123
STEM_मंच-4 Science,Haryana,Panipat,38,3,64
STEM_मंच-5 Mathematics,Haryana,Mahendergarh,19,0,28
STEM_मंच-5 Mathematics,Haryana,Gurugram,8,2,15
STEM_मंच-5 Mathematics,Haryana,Panipat,18,1,42
STEM_मंच-5 Mathematics,Haryana,Rohtak,14,0,24
STEM_मंच-5 Mathematics,Haryana,Jhajjar,17,1,42
STEM_मंच-5 Mathematics,Haryana,Charkhi Dadri,4,0,11
STEM_मंच-5 Mathematics,Haryana,Kaithal,16,0,32
STEM_मंच-5 Mathematics,Haryana,Kurukshetra,30,0,49
STEM_मंच-5 Mathematics,Haryana,Rewari,19,0,36
STEM_मंच-5 Mathematics,Haryana,Panchkula,23,0,49
STEM_मंच-5 Mathematics,Haryana,Bhiwani,32,1,75
STEM_मंच-5 Mathematics,Haryana,Fatehabad,52,0,228
STEM_मंच-5 Mathematics,Haryana,Jind,22,0,69
STEM_मंच-5 Mathematics,Haryana,Karnal,15,1,40
STEM_मंच-5 Mathematics,Haryana,Yamunanagar,6,0,4
STEM_मंच-5 Mathematics,Haryana,Ambala,39,1,63
STEM_मंच-5 Mathematics,Haryana,Sonepat,25,0,58
STEM_मंच-5 Mathematics,Haryana,Hisar,35,0,93
STEM_मंच-5 Mathematics,Haryana,Nuh,36,3,251
STEM_मंच-5 Mathematics,Haryana,Sirsa,56,2,149
STEM_मंच-5 Mathematics,Haryana,Palwal,5,0,9
STEM_मंच-5 Mathematics,Haryana,Faridabad,4,0,3
STEM_मंच-5 Science,Haryana,Faridabad,4,0,9
STEM_मंच-5 Science,Haryana,Sonepat,38,0,94
STEM_मंच-5 Science,Haryana,Karnal,25,0,55
STEM_मंच-5 Science,Haryana,Ambala,38,1,98
STEM_मंच-5 Science,Haryana,Palwal,10,0,10
STEM_मंच-5 Science,Haryana,Bhiwani,35,2,106
STEM_मंच-5 Science,Haryana,Jind,39,1,80
STEM_मंच-5 Science,Haryana,Panipat,19,0,52
STEM_मंच-5 Science,Haryana,Sirsa,49,0,201
STEM_मंच-5 Science,Haryana,Panchkula,29,0,68
STEM_मंच-5 Science,Haryana,Mahendergarh,32,1,46
STEM_मंच-5 Science,Haryana,Nuh,45,0,418
STEM_मंच-5 Science,Haryana,Kaithal,16,2,52
STEM_मंच-5 Science,Haryana,Hisar,54,2,140
STEM_मंच-5 Science,Haryana,Yamunanagar,5,0,6
STEM_मंच-5 Science,Haryana,Gurugram,14,1,18
STEM_मंच-5 Science,Haryana,Charkhi Dadri,9,0,7
STEM_मंच-5 Science,Haryana,Fatehabad,45,0,287
STEM_मंच-5 Science,Haryana,Jhajjar,15,0,64
STEM_मंच-5 Science,Haryana,Rewari,20,1,54
STEM_मंच-5 Science,Haryana,Rohtak,11,0,43
STEM_मंच-5 Science,Haryana,Kurukshetra,29,0,46
STEM_मंच-6 Mathematics,Haryana,Hisar,59,0,69
STEM_मंच-6 Mathematics,Haryana,Jind,36,0,60
STEM_मंच-6 Mathematics,Haryana,Panchkula,24,0,37
STEM_मंच-6 Mathematics,Haryana,Fatehabad,87,1,134
STEM_मंच-6 Mathematics,Haryana,Panipat,24,0,32
STEM_मंच-6 Mathematics,Haryana,Rewari,23,2,26
STEM_मंच-6 Mathematics,Haryana,Yamunanagar,10,0,4
STEM_मंच-6 Mathematics,Haryana,Charkhi Dadri,4,0,4
STEM_मंच-6 Mathematics,Haryana,Karnal,9,0,42
STEM_मंच-6 Mathematics,Haryana,Ambala,46,1,66
STEM_मंच-6 Mathematics,Haryana,Kaithal,13,0,27
STEM_मंच-6 Mathematics,Haryana,Sonepat,17,0,53
STEM_मंच-6 Mathematics,Haryana,Kurukshetra,34,1,24
STEM_मंच-6 Mathematics,Haryana,Palwal,4,0,3
STEM_मंच-6 Mathematics,Haryana,Mahendergarh,23,2,25
STEM_मंच-6 Mathematics,Haryana,Bhiwani,36,0,64
STEM_मंच-6 Mathematics,Haryana,Jhajjar,19,1,19
STEM_मंच-6 Mathematics,Haryana,Nuh,51,3,230
STEM_मंच-6 Mathematics,Haryana,Sirsa,72,1,110
STEM_मंच-6 Mathematics,Haryana,Rohtak,20,0,12
STEM_मंच-6 Mathematics,Haryana,Gurugram,8,1,7
STEM_मंच-6 Mathematics,Haryana,Faridabad,7,0,3
STEM_मंच-6 Science,Haryana,Sonepat,29,0,71
STEM_मंच-6 Science,Haryana,Gurugram,20,2,9
STEM_मंच-6 Science,Haryana,Rewari,34,0,39
STEM_मंच-6 Science,Haryana,Palwal,3,0,8
STEM_मंच-6 Science,Haryana,Kurukshetra,35,0,32
STEM_मंच-6 Science,Haryana,Mahendergarh,39,0,40
STEM_मंच-6 Science,Haryana,Fatehabad,72,0,206
STEM_मंच-6 Science,Haryana,Kaithal,31,2,43
STEM_मंच-6 Science,Haryana,Bhiwani,40,1,100
STEM_मंच-6 Science,Haryana,Karnal,19,0,42
STEM_मंच-6 Science,Haryana,Jind,59,1,76
STEM_मंच-6 Science,Haryana,Faridabad,12,1,8
STEM_मंच-6 Science,Haryana,Jhajjar,22,0,32
STEM_मंच-6 Science,Haryana,Rohtak,30,2,17
STEM_मंच-6 Science,Haryana,Panipat,24,0,37
STEM_मंच-6 Science,Haryana,Nuh,78,0,428
STEM_मंच-6 Science,Haryana,Yamunanagar,7,1,6
STEM_मंच-6 Science,Haryana,Panchkula,31,0,36
STEM_मंच-6 Science,Haryana,Charkhi Dadri,5,1,7
STEM_मंच-6 Science,Haryana,Hisar,69,0,114
STEM_मंच-6 Science,Haryana,Ambala,46,0,77
STEM_मंच-6 Science,Haryana,Sirsa,78,3,184
STEMमंच-Maths,Haryana,Gurugram,12,3,20
STEMमंच-Maths,Haryana,Faridabad,8,0,1
STEMमंच-Maths,Haryana,Panipat,45,1,65
STEMमंच-Maths,Haryana,Rewari,25,1,26
STEMमंच-Maths,Haryana,Jhajjar,59,3,131
STEMमंच-Maths,Haryana,Ambala,86,6,160
STEMमंच-Maths,Haryana,Sirsa,96,1,207
STEMमंच-Maths,Haryana,Palwal,18,0,11
STEMमंच-Maths,Haryana,Nuh,100,3,275
STEMमंच-Maths,Haryana,Fatehabad,177,3,364
STEMमंच-Maths,Haryana,Mahendergarh,57,2,64
STEMमंच-Maths,Haryana,Yamunanagar,14,0,9
STEMमंच-Maths,Haryana,Panchkula,52,0,120
STEMमंच-Maths,Haryana,Rohtak,29,0,46
STEMमंच-Maths,Haryana,Bhiwani,42,1,46
STEMमंच-Maths,Haryana,Jind,58,8,88
STEMमंच-Maths,Haryana,Karnal,72,5,79
STEMमंच-Maths,Haryana,Charkhi Dadri,24,0,2
STEMमंच-Maths,Haryana,Kurukshetra,95,2,180
STEMमंच-Maths,Haryana,Sonepat,93,3,161
STEMमंच-Maths,Haryana,Kaithal,56,7,77
STEMमंच-Maths,Haryana,Hisar,136,5,209
STEMमंच-Science,Haryana,Kurukshetra,92,5,226
STEMमंच-Science,Haryana,Bhiwani,36,0,69
STEMमंच-Science,Haryana,Jhajjar,98,1,145
STEMमंच-Science,Haryana,Mahendergarh,62,5,92
STEMमंच-Science,Haryana,Sirsa,134,2,300
STEMमंच-Science,Haryana,Faridabad,18,0,3
STEMमंच-Science,Haryana,Charkhi Dadri,20,0,6
STEMमंच-Science,Haryana,Rohtak,47,0,88
STEMमंच-Science,Haryana,Rewari,33,0,40
STEMमंच-Science,Haryana,Palwal,14,0,11
STEMमंच-Science,Haryana,Jind,86,3,160
STEMमंच-Science,Haryana,Panchkula,80,2,131
STEMमंच-Science,Haryana,Karnal,76,8,133
STEMमंच-Science,Haryana,Kaithal,85,2,117
STEMमंच-Science,Haryana,Yamunanagar,27,0,9
STEMमंच-Science,Haryana,Gurugram,27,4,33
STEMमंच-Science,Haryana,Nuh,150,1,579
STEMमंच-Science,Haryana,Ambala,96,5,216
STEMमंच-Science,Haryana,Sonepat,116,3,277
STEMमंच-Science,Haryana,Fatehabad,215,1,503
STEMमंच-Science,Haryana,Panipat,60,2,96
STEMमंच-Science,Haryana,Hisar,197,4,311
Teating DIET Saran_DEP_Year 1,Tripura,Dhalai,0,0,6
Tech Skill Club-Digital Mela,Haryana,Jind,12,1,41
Tech Skill Club-Digital Mela,Haryana,Fatehabad,10,1,47
Tech Skill Club-Digital Mela,Haryana,Yamunanagar,5,2,28
Tech Skill Club-Digital Mela,Haryana,Rewari,8,0,37
Tech Skill Club-Digital Mela,Haryana,Rohtak,5,1,43
Tech Skill Club-Digital Mela,Haryana,Panchkula,7,0,35
Tech Skill Club-Digital Mela,Haryana,Kaithal,12,3,42
Tech Skill Club-Digital Mela,Haryana,Nuh,10,0,39
Tech Skill Club-Digital Mela,Haryana,Ambala,7,3,45
Tech Skill Club-Digital Mela,Haryana,Mahendergarh,18,4,54
Tech Skill Club-Digital Mela,Haryana,Gurugram,9,0,48
Tech Skill Club-Digital Mela,Haryana,Jhajjar,10,1,33
Tech Skill Club-Digital Mela,Haryana,Panipat,6,2,34
Tech Skill Club-Digital Mela,Haryana,Bhiwani,14,2,37
Tech Skill Club-Digital Mela,Haryana,Hisar,20,2,96
Tech Skill Club-Digital Mela,Haryana,Sirsa,9,0,72
Tech Skill Club-Digital Mela,Haryana,Faridabad,1,0,3
Tech Skill Club-Digital Mela,Haryana,Palwal,2,0,13
Tech Skill Club-Digital Mela,Haryana,Sonepat,9,3,79
Tech Skill Club-Digital Mela,Haryana,Kurukshetra,11,1,31
Tech Skill Club-Digital Mela,Haryana,Charkhi Dadri,0,0,5
Tech Skill Club-Digital Mela,Haryana,Karnal,9,0,48
Tech Skill Club-Smart Learn,Haryana,Ambala,27,1,36
Tech Skill Club-Smart Learn,Haryana,Kaithal,10,0,59
Tech Skill Club-Smart Learn,Haryana,Charkhi Dadri,7,0,3
Tech Skill Club-Smart Learn,Haryana,Rohtak,15,0,55
Tech Skill Club-Smart Learn,Haryana,Sonepat,35,1,105
Tech Skill Club-Smart Learn,Haryana,Sirsa,18,0,73
Tech Skill Club-Smart Learn,Haryana,Jind,16,0,98
Tech Skill Club-Smart Learn,Haryana,Kurukshetra,18,1,29
Tech Skill Club-Smart Learn,Haryana,Panchkula,9,0,30
Tech Skill Club-Smart Learn,Haryana,Faridabad,14,2,14
Tech Skill Club-Smart Learn,Haryana,Bhiwani,14,0,33
Tech Skill Club-Smart Learn,Haryana,Jhajjar,15,1,27
Tech Skill Club-Smart Learn,Haryana,Mahendergarh,16,1,67
Tech Skill Club-Smart Learn,Haryana,Hisar,34,1,123
Tech Skill Club-Smart Learn,Haryana,Rewari,1,0,58
Tech Skill Club-Smart Learn,Haryana,Fatehabad,18,1,37
Tech Skill Club-Smart Learn,Haryana,Karnal,11,0,41
Tech Skill Club-Smart Learn,Haryana,Panipat,27,2,67
Tech Skill Club-Smart Learn,Haryana,Gurugram,13,1,31
Tech Skill Club-Smart Learn,Haryana,Palwal,12,0,19
Tech Skill Club-Smart Learn,Haryana,Yamunanagar,9,2,47
Tech Skill Club-Smart Learn,Haryana,Nuh,13,1,58
UP SLDP,Uttar Pradesh,Hapur,12,0,3
UP SLDP,Uttar Pradesh,Gonda,11,0,0
UP SLDP,Uttar Pradesh,Kannauj,14,1,2
UP SLDP,Uttar Pradesh,Sitapur,79,4,4
UP SLDP,Uttar Pradesh,Ballia,15,1,3
UP SLDP,Uttar Pradesh,Shravasti,11,1,1
UP SLDP,Uttar Pradesh,Kaushambi,15,1,3
UP SLDP,Uttar Pradesh,Sonbhadra,18,1,1
UP SLDP,Uttar Pradesh,Sultanpur,8,2,1
UP SLDP,Uttar Pradesh,Shahjahanpur,12,0,3
UP SLDP,Uttar Pradesh,Prayagraj(Allahabad),26,2,4
UP SLDP,Uttar Pradesh,Auraiya,11,0,0
UP SLDP,Uttar Pradesh,Kanpur Dehat,30,0,2
UP SLDP,Uttar Pradesh,Kasganj,18,0,2
UP SLDP,Uttar Pradesh,Deoria,15,1,0
UP SLDP,Uttar Pradesh,Badaun,11,2,1
UP SLDP,Uttar Pradesh,Behraich,16,2,0
UP SLDP,Uttar Pradesh,Mathura,6,0,1
UP SLDP,Uttar Pradesh,Bulandshahar,7,0,1
UP SLDP,Uttar Pradesh,Rampur,9,0,2
UP SLDP,Uttar Pradesh,Etawah,14,0,2
UP SLDP,Uttar Pradesh,Pratapgarh,19,0,2
UP SLDP,Uttar Pradesh,Muzaffarnagar,12,1,0
UP SLDP,Uttar Pradesh,Jaunpur,16,2,3
UP SLDP,Uttar Pradesh,Basti,20,1,1
UP SLDP,Uttar Pradesh,Maharajganj,10,0,0
UP SLDP,Uttar Pradesh,Lalitpur,6,1,0
UP SLDP,Uttar Pradesh,Aligarh,69,7,8
UP SLDP,Uttar Pradesh,Banda,11,0,0
UP SLDP,Uttar Pradesh,Baghpat,7,0,5
UP SLDP,Uttar Pradesh,Shamli,32,1,1
UP SLDP,Uttar Pradesh,Bareilly,40,5,3
UP SLDP,Uttar Pradesh,Raebareli,34,2,0
UP SLDP,Uttar Pradesh,Saharanpur,27,1,3
UP SLDP,Uttar Pradesh,Ambedkar Nagar,18,1,0
UP SLDP,Uttar Pradesh,Varanasi,58,12,46
UP SLDP,Uttar Pradesh,Chandauli,10,1,1
UP SLDP,Uttar Pradesh,Amroha,8,1,2
UP SLDP,Uttar Pradesh,Mainpuri,3,0,0
UP SLDP,Uttar Pradesh,Mirzapur,27,0,0
UP SLDP,Uttar Pradesh,Fatehpur,66,6,9
UP SLDP,Uttar Pradesh,Bijnor,27,0,3
UP SLDP,Uttar Pradesh,Barabanki,25,3,2
UP SLDP,Uttar Pradesh,Ayodhya(Faizabad),14,2,3
UP SLDP,Uttar Pradesh,Jhansi,15,0,0
UP SLDP,Uttar Pradesh,Kushinagar,17,0,2
UP SLDP,Uttar Pradesh,Pilibhit,40,2,5
UP SLDP,Uttar Pradesh,Hathras,11,2,0
UP SLDP,Uttar Pradesh,Gautam Budh Nagar,7,0,2
UP SLDP,Uttar Pradesh,Amethi,13,2,2
UP SLDP,Uttar Pradesh,Hardoi,15,0,0
UP SLDP,Uttar Pradesh,Sambhal,4,0,1
UP SLDP,Uttar Pradesh,Hamirpur,9,2,2
UP SLDP,Uttar Pradesh,Mau,7,0,1
UP SLDP,Uttar Pradesh,Sant Kabir Nagar,12,0,1
UP SLDP,Uttar Pradesh,Gorakhpur,28,1,1
UP SLDP,Uttar Pradesh,Chitrakoot,13,1,1
UP SLDP,Uttar Pradesh,Agra,50,8,3
UP SLDP,Uttar Pradesh,Farrukhabad,16,2,1
UP SLDP,Uttar Pradesh,Ghaziabad,3,2,1
UP SLDP,Uttar Pradesh,Balrampur,11,3,0
UP SLDP,Uttar Pradesh,Etah,15,1,0
UP SLDP,Uttar Pradesh,Meerut,17,1,2
UP SLDP,Uttar Pradesh,Lakhimpur Kheri,15,0,0
UP SLDP,Uttar Pradesh,Sant Ravidas Nagar,10,1,2
UP SLDP,Uttar Pradesh,Unnao,35,5,11
UP SLDP,Uttar Pradesh,Kanpur Nagar,23,1,1
UP SLDP,Uttar Pradesh,Ghazipur,31,0,1
UP SLDP,Uttar Pradesh,Sidharthnagar,13,0,1
UP SLDP,Uttar Pradesh,Lucknow,67,0,2
UP SLDP,Uttar Pradesh,Mahoba,3,1,0
UP SLDP,Uttar Pradesh,Jalaun,9,0,1
UP SLDP,Uttar Pradesh,Moradabad,9,2,2
UP SLDP,Uttar Pradesh,Azamgarh,18,1,0
UP SLDP,Uttar Pradesh,Firozabad,10,0,1
Uttar Pradesh School Leadership Development Program,Uttar Pradesh,Gautam Budh Nagar,15,1,0
Uttar Pradesh School Leadership Development Program,Uttar Pradesh,Rampur,7,0,1
Uttar Pradesh School Leadership Development Program,Uttar Pradesh,Kaushambi,19,0,2
Uttar Pradesh School Leadership Development Program,Uttar Pradesh,Gorakhpur,13,3,0
Uttar Pradesh School Leadership Development Program,Uttar Pradesh,Pilibhit,19,0,0
Uttar Pradesh School Leadership Development Program,Uttar Pradesh,Shravasti,3,0,0
Uttar Pradesh School Leadership Development Program,Uttar Pradesh,Unnao,30,2,0
Uttar Pradesh School Leadership Development Program,Uttar Pradesh,Kanpur Nagar,27,0,0
Uttar Pradesh School Leadership Development Program,Uttar Pradesh,Banda,9,1,0
Uttar Pradesh School Leadership Development Program,Uttar Pradesh,Auraiya,12,0,0
Uttar Pradesh School Leadership Development Program,Uttar Pradesh,Sonbhadra,5,0,1
Uttar Pradesh School Leadership Development Program,Uttar Pradesh,Moradabad,13,0,1
Uttar Pradesh School Leadership Development Program,Uttar Pradesh,Prayagraj(Allahabad),47,2,3
Uttar Pradesh School Leadership Development Program,Uttar Pradesh,Jhansi,9,1,0
Uttar Pradesh School Leadership Development Program,Uttar Pradesh,Bulandshahar,13,0,1
Uttar Pradesh School Leadership Development Program,Uttar Pradesh,Barabanki,13,1,2
Uttar Pradesh School Leadership Development Program,Uttar Pradesh,Sant Kabir Nagar,11,0,0
Uttar Pradesh School Leadership Development Program,Uttar Pradesh,Agra,39,3,2
Uttar Pradesh School Leadership Development Program,Uttar Pradesh,Maharajganj,5,0,0
Uttar Pradesh School Leadership Development Program,Uttar Pradesh,Etawah,15,0,0
Uttar Pradesh School Leadership Development Program,Uttar Pradesh,Mathura,9,0,1
Uttar Pradesh School Leadership Development Program,Uttar Pradesh,Sidharthnagar,3,0,0
Uttar Pradesh School Leadership Development Program,Uttar Pradesh,Bijnor,15,0,0
Uttar Pradesh School Leadership Development Program,Uttar Pradesh,Badaun,12,0,0
Uttar Pradesh School Leadership Development Program,Uttar Pradesh,Baghpat,6,0,1
Uttar Pradesh School Leadership Development Program,Uttar Pradesh,Bareilly,23,1,0
Uttar Pradesh School Leadership Development Program,Uttar Pradesh,Chandauli,7,0,0
Uttar Pradesh School Leadership Development Program,Uttar Pradesh,Hapur,13,0,0
Uttar Pradesh School Leadership Development Program,Uttar Pradesh,Hathras,6,0,0
Uttar Pradesh School Leadership Development Program,Uttar Pradesh,Firozabad,14,1,1
Uttar Pradesh School Leadership Development Program,Uttar Pradesh,Ayodhya(Faizabad),16,0,0
Uttar Pradesh School Leadership Development Program,Uttar Pradesh,Sambhal,4,0,0
Uttar Pradesh School Leadership Development Program,Uttar Pradesh,Shahjahanpur,10,0,1
Uttar Pradesh School Leadership Development Program,Uttar Pradesh,Muzaffarnagar,9,0,1
Uttar Pradesh School Leadership Development Program,Uttar Pradesh,Lalitpur,3,0,0
Uttar Pradesh School Leadership Development Program,Uttar Pradesh,Ghaziabad,2,0,1
Uttar Pradesh School Leadership Development Program,Uttar Pradesh,Etah,18,0,0
Uttar Pradesh School Leadership Development Program,Uttar Pradesh,Mirzapur,13,1,0
Uttar Pradesh School Leadership Development Program,Uttar Pradesh,Sitapur,49,0,0
Uttar Pradesh School Leadership Development Program,Uttar Pradesh,Kanpur Dehat,18,0,1
Uttar Pradesh School Leadership Development Program,Uttar Pradesh,Pratapgarh,17,0,1
Uttar Pradesh School Leadership Development Program,Uttar Pradesh,Ghazipur,25,0,1
Uttar Pradesh School Leadership Development Program,Uttar Pradesh,Amethi,23,1,1
Uttar Pradesh School Leadership Development Program,Uttar Pradesh,Azamgarh,12,0,0
Uttar Pradesh School Leadership Development Program,Uttar Pradesh,Sant Ravidas Nagar,4,1,0
Uttar Pradesh School Leadership Development Program,Uttar Pradesh,Hardoi,13,0,0
Uttar Pradesh School Leadership Development Program,Uttar Pradesh,Balrampur,3,0,0
Uttar Pradesh School Leadership Development Program,Uttar Pradesh,Mainpuri,4,0,0
Uttar Pradesh School Leadership Development Program,Uttar Pradesh,Kushinagar,15,0,0
Uttar Pradesh School Leadership Development Program,Uttar Pradesh,Mahoba,4,0,1
Uttar Pradesh School Leadership Development Program,Uttar Pradesh,Lakhimpur Kheri,13,0,0
Uttar Pradesh School Leadership Development Program,Uttar Pradesh,Aligarh,43,2,3
Uttar Pradesh School Leadership Development Program,Uttar Pradesh,Chitrakoot,9,0,0
Uttar Pradesh School Leadership Development Program,Uttar Pradesh,Jaunpur,23,1,1
Uttar Pradesh School Leadership Development Program,Uttar Pradesh,Hamirpur,5,0,0
Uttar Pradesh School Leadership Development Program,Uttar Pradesh,Varanasi,24,0,1
Uttar Pradesh School Leadership Development Program,Uttar Pradesh,Raebareli,29,0,0
Uttar Pradesh School Leadership Development Program,Uttar Pradesh,Amroha,5,0,3
Uttar Pradesh School Leadership Development Program,Uttar Pradesh,Gonda,10,0,0
Uttar Pradesh School Leadership Development Program,Uttar Pradesh,Farrukhabad,25,1,0
Uttar Pradesh School Leadership Development Program,Uttar Pradesh,Kasganj,24,0,4
Uttar Pradesh School Leadership Development Program,Uttar Pradesh,Mau,19,0,0
Uttar Pradesh School Leadership Development Program,Uttar Pradesh,Sultanpur,11,0,0
Uttar Pradesh School Leadership Development Program,Uttar Pradesh,Ballia,9,0,0
Uttar Pradesh School Leadership Development Program,Uttar Pradesh,Meerut,5,1,1
Uttar Pradesh School Leadership Development Program,Uttar Pradesh,Lucknow,22,0,0
Uttar Pradesh School Leadership Development Program,Uttar Pradesh,Fatehpur,28,1,1
Uttar Pradesh School Leadership Development Program,Uttar Pradesh,Deoria,15,0,1
Uttar Pradesh School Leadership Development Program,Uttar Pradesh,Behraich,8,0,0
Uttar Pradesh School Leadership Development Program,Uttar Pradesh,Shamli,12,0,0
Uttar Pradesh School Leadership Development Program,Uttar Pradesh,Ambedkar Nagar,6,1,0
Uttar Pradesh School Leadership Development Program,Uttar Pradesh,Saharanpur,25,0,1
Uttar Pradesh School Leadership Development Program,Uttar Pradesh,Kannauj,8,0,0
Uttar Pradesh School Leadership Development Program,Uttar Pradesh,Basti,12,0,1
Uttar Pradesh School Leadership Development Program,Uttar Pradesh,Jalaun,3,0,0
Vidyaa Pravesham,Andhra Pradesh,Dr. B.R. Ambedhkar Konaseema,263,36,1429
Vidyaa Pravesham,Andhra Pradesh,Prakasam,346,61,1519
Vidyaa Pravesham,Andhra Pradesh,Visakhapatnam,107,36,601
Vidyaa Pravesham,Andhra Pradesh,Nandyal,202,38,1115
Vidyaa Pravesham,Andhra Pradesh,Sps Nellore,796,136,2850
Vidyaa Pravesham,Andhra Pradesh,Sri Satyasai,376,71,822
Vidyaa Pravesham,Andhra Pradesh,Eluru,172,36,2514
Vidyaa Pravesham,Andhra Pradesh,Anakapalli,196,65,1023
Vidyaa Pravesham,Andhra Pradesh,Vizianagaram,338,65,1368
Vidyaa Pravesham,Andhra Pradesh,Bapatla,309,74,572
Vidyaa Pravesham,Andhra Pradesh,Kakinada,235,53,847
Vidyaa Pravesham,Andhra Pradesh,Annamayya,351,66,900
Vidyaa Pravesham,Andhra Pradesh,Ysr Kadapa,589,79,1744
Vidyaa Pravesham,Andhra Pradesh,West Godavari,194,49,2260
Vidyaa Pravesham,Andhra Pradesh,East Godavari,121,35,1257
Vidyaa Pravesham,Andhra Pradesh,Alluri Sita Rama Raju,382,56,523
Vidyaa Pravesham,Andhra Pradesh,Palnadu,163,31,925
Vidyaa Pravesham,Andhra Pradesh,Srikakulam,508,100,1597
Vidyaa Pravesham,Andhra Pradesh,Chittoor,226,43,1052
Vidyaa Pravesham,Andhra Pradesh,Ananthapuram,303,54,704
Vidyaa Pravesham,Andhra Pradesh,Guntur,169,43,622
Vidyaa Pravesham,Andhra Pradesh,Kurnool,159,24,800
Vidyaa Pravesham,Andhra Pradesh,Krishna,368,58,875
Vidyaa Pravesham,Andhra Pradesh,N.T.R,200,51,761
Vidyaa Pravesham,Andhra Pradesh,Parvathipuram Manyam,311,57,1137
Vidyaa Pravesham,Andhra Pradesh,Tirupati,330,80,915
"अभिभावक-अध्यापक बैठक - शिक्षा, स्वच्छता और समुदाय (Quarter 3)",Uttar Pradesh,Unnao,1,0,0
"अभिभावक-अध्यापक बैठक - शिक्षा, स्वच्छता और समुदाय (Quarter 3)",Uttar Pradesh,Agra,3,0,0
"अभिभावक-अध्यापक बैठक - शिक्षा, स्वच्छता और समुदाय (Quarter 3)",Uttar Pradesh,Baghpat,1,0,0
"अभिभावक-अध्यापक बैठक - शिक्षा, स्वच्छता और समुदाय (Quarter 3)",Uttar Pradesh,Pratapgarh,1,0,0
"अभिभावक-अध्यापक बैठक - शिक्षा, स्वच्छता और समुदाय (Quarter 3)",Uttar Pradesh,Varanasi,1,0,0
"अभिभावक-अध्यापक बैठक - शिक्षा, स्वच्छता और समुदाय (Quarter 3)",Uttar Pradesh,Lucknow,1,0,0
"अभिभावक-अध्यापक बैठक - शिक्षा, स्वच्छता और समुदाय (Quarter 3)",Uttar Pradesh,Banda,2,0,0
"अभिभावक-अध्यापक बैठक - शिक्षा, स्वच्छता और समुदाय (Quarter 3)",Uttar Pradesh,Mirzapur,1,0,0
"अभिभावक-अध्यापक बैठक - शिक्षा, स्वच्छता और समुदाय (Quarter 3)",Uttar Pradesh,Ayodhya(Faizabad),1,0,0
"अभिभावक-अध्यापक बैठक - शिक्षा, स्वच्छता और समुदाय (Quarter 3)",Uttar Pradesh,Deoria,1,0,0
"अभिभावक-अध्यापक बैठक - शिक्षा, स्वच्छता और समुदाय (Quarter 3)",Uttar Pradesh,Bareilly,0,1,0
"अभिभावक-अध्यापक बैठक - शिक्षा, स्वच्छता और समुदाय (Quarter 3)",Uttar Pradesh,Lakhimpur Kheri,2,0,0
"अभिभावक-अध्यापक बैठक - शिक्षा, स्वच्छता और समुदाय (Quarter 3)",Uttar Pradesh,Sidharthnagar,1,0,0
"अभिभावक-अध्यापक बैठक - शिक्षा, स्वच्छता और समुदाय (Quarter 3)",Uttar Pradesh,Hathras,2,0,0
"अभिभावक-अध्यापक बैठक - शिक्षा, स्वच्छता और समुदाय (Quarter 3)",Uttar Pradesh,Sultanpur,1,0,0
"अभिभावक-अध्यापक बैठक - शिक्षा, स्वच्छता और समुदाय (Quarter 3)",Uttar Pradesh,Jalaun,1,0,0
"अभिभावक-अध्यापक बैठक - शिक्षा, स्वच्छता और समुदाय (Quarter 3)",Uttar Pradesh,Prayagraj(Allahabad),0,0,1
"अभिभावक-अध्यापक बैठक - शिक्षा, स्वच्छता और समुदाय (Quarter 3)",Uttar Pradesh,Kanpur Dehat,1,1,0
"अभिभावक-अध्यापक बैठक - शिक्षा, स्वच्छता और समुदाय (Quarter 3)",Uttar Pradesh,Etah,2,0,0
"अभिभावक-अध्यापक बैठक - शिक्षा, स्वच्छता और समुदाय (Quarter 3)",Uttar Pradesh,Etawah,1,0,0
"अभिभावक-अध्यापक बैठक - शिक्षा, स्वच्छता और समुदाय (Quarter 3)",Uttar Pradesh,Kushinagar,1,0,0
"अभिभावक-अध्यापक बैठक - शिक्षा, स्वच्छता और समुदाय (Quarter 3)",Uttar Pradesh,Pilibhit,1,0,0
"अभिभावक-अध्यापक बैठक - शिक्षा, स्वच्छता और समुदाय (Quarter 3)",Uttar Pradesh,Ambedkar Nagar,1,0,0
आप धीमे हैं और कन्नड़ में फ़ॉन्ट की जांच कर रहे हैं।,Tripura,North Tripura,0,0,1
आप धीमे हैं और कन्नड़ में फ़ॉन्ट की जांच कर रहे हैं।,Tripura,Dhalai,3,0,6
आप धीमे हैं और कन्नड़ में फ़ॉन्ट की जांच कर रहे हैं।,Tripura,Gomati,0,0,7
थीम आधारित अभिभावक अध्यापक बैठक  - UP,Uttar Pradesh,Bijnor,4,0,0
थीम आधारित अभिभावक अध्यापक बैठक  - UP,Uttar Pradesh,Lucknow,2,1,0
थीम आधारित अभिभावक अध्यापक बैठक  - UP,Uttar Pradesh,Etawah,1,0,0
थीम आधारित अभिभावक अध्यापक बैठक  - UP,Uttar Pradesh,Barabanki,1,1,0
थीम आधारित अभिभावक अध्यापक बैठक  - UP,Uttar Pradesh,Ayodhya(Faizabad),3,0,0
थीम आधारित अभिभावक अध्यापक बैठक  - UP,Uttar Pradesh,Balrampur,1,0,0
थीम आधारित अभिभावक अध्यापक बैठक  - UP,Uttar Pradesh,Gonda,0,1,0
थीम आधारित अभिभावक अध्यापक बैठक  - UP,Uttar Pradesh,Gautam Budh Nagar,0,0,1
थीम आधारित अभिभावक अध्यापक बैठक  - UP,Uttar Pradesh,Sant Ravidas Nagar,1,0,0
थीम आधारित अभिभावक अध्यापक बैठक  - UP,Uttar Pradesh,Jaunpur,2,0,0
थीम आधारित अभिभावक अध्यापक बैठक  - UP,Uttar Pradesh,Kannauj,1,0,0
थीम आधारित अभिभावक अध्यापक बैठक  - UP,Uttar Pradesh,Pilibhit,3,1,0
थीम आधारित अभिभावक अध्यापक बैठक  - UP,Uttar Pradesh,Pratapgarh,1,0,0
थीम आधारित अभिभावक अध्यापक बैठक  - UP,Uttar Pradesh,Firozabad,5,0,1
थीम आधारित अभिभावक अध्यापक बैठक  - UP,Uttar Pradesh,Kasganj,1,0,1
थीम आधारित अभिभावक अध्यापक बैठक  - UP,Uttar Pradesh,Farrukhabad,3,1,0
थीम आधारित अभिभावक अध्यापक बैठक  - UP,Uttar Pradesh,Ballia,1,0,0
थीम आधारित अभिभावक अध्यापक बैठक  - UP,Uttar Pradesh,Behraich,4,1,0
थीम आधारित अभिभावक अध्यापक बैठक  - UP,Uttar Pradesh,Basti,1,0,0
थीम आधारित अभिभावक अध्यापक बैठक  - UP,Uttar Pradesh,Gorakhpur,3,0,0
थीम आधारित अभिभावक अध्यापक बैठक  - UP,Uttar Pradesh,Jalaun,1,0,0
थीम आधारित अभिभावक अध्यापक बैठक  - UP,Uttar Pradesh,Amethi,1,0,0
थीम आधारित अभिभावक अध्यापक बैठक  - UP,Uttar Pradesh,Agra,2,0,3
थीम आधारित अभिभावक अध्यापक बैठक  - UP,Uttar Pradesh,Moradabad,2,0,0
थीम आधारित अभिभावक अध्यापक बैठक  - UP,Uttar Pradesh,Kanpur Dehat,1,2,0
थीम आधारित अभिभावक अध्यापक बैठक  - UP,Uttar Pradesh,Prayagraj(Allahabad),1,0,2
थीम आधारित अभिभावक अध्यापक बैठक  - UP,Uttar Pradesh,Ghazipur,2,0,0
थीम आधारित अभिभावक अध्यापक बैठक  - UP,Uttar Pradesh,Hamirpur,1,0,0
थीम आधारित अभिभावक अध्यापक बैठक  - UP,Uttar Pradesh,Bareilly,0,0,1
थीम आधारित अभिभावक अध्यापक बैठक  - UP,Uttar Pradesh,Sonbhadra,2,0,0
थीम आधारित अभिभावक अध्यापक बैठक  - UP,Uttar Pradesh,Mau,1,0,0
थीम आधारित अभिभावक अध्यापक बैठक  - UP,Uttar Pradesh,Hardoi,2,0,0
थीम आधारित अभिभावक अध्यापक बैठक  - UP,Uttar Pradesh,Hapur,1,0,0
थीम आधारित अभिभावक अध्यापक बैठक  - UP,Uttar Pradesh,Etah,2,0,0
थीम आधारित अभिभावक अध्यापक बैठक  - UP,Uttar Pradesh,Maharajganj,1,0,0
थीम आधारित अभिभावक अध्यापक बैठक  - UP,Uttar Pradesh,Bulandshahar,3,0,1
थीम आधारित अभिभावक अध्यापक बैठक  - UP,Uttar Pradesh,Aligarh,3,0,0
थीम आधारित अभिभावक अध्यापक बैठक  - UP,Uttar Pradesh,Baghpat,2,0,0
थीम आधारित अभिभावक अध्यापक बैठक  - UP,Uttar Pradesh,Sitapur,3,0,1
थीम आधारित अभिभावक अध्यापक बैठक  - UP,Uttar Pradesh,Unnao,4,0,0
थीम आधारित अभिभावक अध्यापक बैठक  - UP,Uttar Pradesh,Fatehpur,3,0,0
थीम आधारित अभिभावक अध्यापक बैठक  - UP,Uttar Pradesh,Mathura,0,1,0
थीम आधारित अभिभावक अध्यापक बैठक  - UP,Uttar Pradesh,Mirzapur,2,0,0
थीम आधारित अभिभावक अध्यापक बैठक  - UP,Uttar Pradesh,Rampur,1,0,0
धीमी गति का परीक्षण।,Tripura,Unakoti,1,0,0
धीमी गति का परीक्षण।,Tripura,Dhalai,2,0,1
धीमी गति का परीक्षण।,Tripura,South Tripura,1,0,0
धीमी गति का परीक्षण।,Tripura,Gomati,1,0,2
धीमी गति का परीक्षण।,Tripura,Khowai,0,0,1
धीमी गति का परीक्षण।,Tripura,North Tripura,2,0,0
BH_DIET_Sheohar_MIP_2025-26,Bihar,Sheohar,2,0,4
BR_DIET_Madhubani_MIP_चलो समझ के साथ पढ़ना सीखें,Bihar,Madhubani,4,0,1
BH_DIET_Munger_MIP_2025-26,Bihar,Munger,4,0,0
BR_DIET_GOPALGANJ_MIP_ घटाव की दुनिया,Bihar,Gopalganj,1,0,0
આપણો ખજાનો,Gujarat,Bhavnagar,10,0,1
આપણો ખજાનો,Gujarat,Mahesana,32,1,49
આપણો ખજાનો,Gujarat,Ahmedabad,16,2,3
આપણો ખજાનો,Gujarat,Banaskantha,15,0,10
આપણો ખજાનો,Gujarat,Sabar Kantha,2,0,1
આપણો ખજાનો,Gujarat,Jamnagar,4,0,4
આપણો ખજાનો,Gujarat,Morbi,10,1,6
આપણો ખજાનો,Gujarat,Vadodara,8,0,4
આપણો ખજાનો,Gujarat,Kachchh,7,2,16
આપણો ખજાનો,Gujarat,Botad,6,1,2
આપણો ખજાનો,Gujarat,Junagadh,6,0,10
આપણો ખજાનો,Gujarat,Valsad,6,1,5
આપણો ખજાનો,Gujarat,Rajkot,3,0,5
આપણો ખજાનો,Gujarat,Amreli,4,0,10
આપણો ખજાનો,Gujarat,Devbhoomi Dwarka,2,0,0
આપણો ખજાનો,Gujarat,Anand,4,1,9
આપણો ખજાનો,Gujarat,Kheda,8,1,6
આપણો ખજાનો,Gujarat,Surat,22,0,16
આપણો ખજાનો,Gujarat,Navsari,23,1,27
આપણો ખજાનો,Gujarat,Bharuch,5,2,8
આપણો ખજાનો,Gujarat,Narmada,3,0,0
આપણો ખજાનો,Gujarat,Patan,4,0,4
આપણો ખજાનો,Gujarat,Chhotaudepur,2,0,5
આપણો ખજાનો,Gujarat,Surendranagar,7,0,5
આપણો ખજાનો,Gujarat,Aravalli,4,0,1
આપણો ખજાનો,Gujarat,Porbandar,1,0,3
આપણો ખજાનો,Gujarat,Panch Mahals,2,0,5
આપણો ખજાનો,Gujarat,The Dangs,1,0,5
આપણો ખજાનો,Gujarat,Gir Somnath,1,0,2
આપણો ખજાનો,Gujarat,Tapi,8,0,10
આપણો ખજાનો,Gujarat,Dohad,4,0,2
આપણો ખજાનો,Gujarat,Gandhinagar,7,0,7
આપણો ખજાનો,Gujarat,Mahisagar,1,0,0
పిల్లల కోసం PTM,Telangana,Bhadradri Kothagudem,10,0,31
పిల్లల కోసం PTM,Telangana,Rangareddy,19,1,21
పిల్లల కోసం PTM,Telangana,Nizamabad,1,0,0
పిల్లల కోసం PTM,Telangana,Yadadri Bhuvanagiri,12,4,19
పిల్లల కోసం PTM,Telangana,Suryapet,0,0,1
పిల్లల కోసం PTM,Telangana,Hanumakonda,1,0,0
పిల్లల కోసం PTM,Telangana,Nalgonda,1,0,0
పిల్లల కోసం PTM,Telangana,Jagtial,1,0,1
పిల్లల కోసం PTM,Telangana,Khammam,1,0,0
పిల్లల కోసం PTM,Telangana,Mahabubabad,2,0,0
పిల్లల కోసం PTM,Telangana,Adilabad,1,0,0
పిల్లల కోసం PTM,Telangana,Warangal,1,0,0
పిల్లల కోసం PTM,Telangana,Hyderabad,2,0,1
పిల్లల కోసం PTM - April,Telangana,Bhadradri Kothagudem,7,2,14
పిల్లల కోసం PTM - April,Telangana,Yadadri Bhuvanagiri,2,0,14
పిల్లల కోసం PTM - April,Telangana,Adilabad,2,0,0
పిల్లల కోసం PTM - April,Telangana,Rangareddy,6,2,8
పిల్లల కోసం PTM - April,Telangana,Warangal,1,0,0
పిల్లల కోసం PTM - April,Telangana,Narayanapet,1,0,0
పిల్లల కోసం PTM - April,Telangana,Jagtial,1,0,0
పిల్లల కోసం PTM - March,Telangana,Vikarabad,1,0,0
పిల్లల కోసం PTM - March,Telangana,Siddipet,1,0,0
పిల్లల కోసం PTM - March,Telangana,Bhadradri Kothagudem,9,1,20
పిల్లల కోసం PTM - March,Telangana,Nalgonda,1,0,0
పిల్లల కోసం PTM - March,Telangana,Jagtial,1,0,0
పిల్లల కోసం PTM - March,Telangana,Rangareddy,15,1,14
పిల్లల కోసం PTM - March,Telangana,Warangal,1,0,0
పిల్లల కోసం PTM - March,Telangana,Yadadri Bhuvanagiri,4,0,17
పిల్లల కోసం PTM - March,Telangana,Sangareddy,1,0,0
పిల్లల కోసం PTM - March,Telangana,Hyderabad,4,0,0
పిల్లల కోసం PTM - March,Telangana,Nirmal,1,0,0
పిల్లల కోసం PTM - March,Telangana,Hanumakonda,2,0,0
పిల్లల కోసం PTM - March,Telangana,Medak,1,0,0
పిల్లల కోసం PTM - March,Telangana,Adilabad,4,0,0
పిల్లల కోసం PTM - March,Telangana,Mahabubabad,3,0,0
పిల్లల కోసం PTM January 2024,Telangana,Rangareddy,1,0,0
పిల్లల కోసం PTM January 2024,Telangana,Peddapalli,2,0,0
పిల్లల కోసం PTM January 2024,Telangana,Yadadri Bhuvanagiri,1,0,0
పిల్లల కోసం PTM January 2024,Telangana,Bhadradri Kothagudem,1,0,0
పిల్లల కోసం PTM January 2024,Telangana,Adilabad,1,0,0
పిల్లల కోసం PTM January 2024,Telangana,Jagtial,1,0,0
పిల్లల కోసం PTM January 2024,Telangana,Hyderabad,1,0,0
ಆಪ್ ನಿಧಾನವಾಗಿರುವುದು ಮತ್ತು ಕನ್ನಡದಲ್ಲಿ ಅಕ್ಷರಶೈಲಿಗಳನ್ನು ಪರೀಕ್ಷಿಸಲಾಗುತ್ತಿದೆ.,Tripura,Gomati,0,0,3
ಆಪ್ ನಿಧಾನವಾಗಿರುವುದು ಮತ್ತು ಕನ್ನಡದಲ್ಲಿ ಅಕ್ಷರಶೈಲಿಗಳನ್ನು ಪರೀಕ್ಷಿಸಲಾಗುತ್ತಿದೆ.,Tripura,Dhalai,1,0,0